content,publishdate,title
"liá»‡u cÃ³ loáº¡i camera nÃ o nháº­n dáº¡ng Ä‘Æ°á»£c hung thá»§ pháº¡m tá»™i luÃ´n khÃ´ng nhá»‰....
 nguá»“n: thÃ¡nh tiÃªn/ otofun",2018-05-16 10:34:00,"Camera khÃ´ng thá»ƒ phÃ¡t hiá»‡n Ä‘Æ°á»£c,  bá»Ÿi vÃ¬ táº¥t cáº£ Boss khuÃ´n máº·t Ä‘á»u giá»‘ng nhau :("
"viá»‡c lÃ¡i xe Ä‘Ã¢m cháº¿t giÃ¡m Ä‘á»‘c khÃ´ong pháº£i do khÃ´ng thanh toÃ¡n lÆ°Æ¡ng nhÆ° cÃ¡c bÃ¡o Ä‘ang Ä‘Æ°a tin. Thá»§ pháº¡m lÃ¡i xe thuÃª cho bÃ¡c tÃ´i cÃ¡ch Ä‘Ã¢y vÃ i thÃ¡ng cÃ³ gÃ¢y tai náº¡n do khÃ´ng cÃ³ tiá»n thanh toÃ¡n cty Ä‘á»©ng ra chi tráº£ Ä‘á»n bÃ¹ cho gia Ä‘Ã¬nh bá»‹ tai náº¡n vÃ  lÃ¡i xe Ä‘á»“ng Ã½ hÃ ng thÃ¡ng trá»« 1 pháº§n vÃ o lÆ°Æ¡ng cá»§a a ta. CÃ¡ch Ä‘Ã¢y vÃ i ngÃ y anh ta dá»Ÿ chá»©ng muá»‘n nghá»‰ vÃ  bÃ¹ng khoáº£ng tiá»n cÃ²n thiáº¿u cá»§a cty. sÃ¡ng hÃ´m sau nÃªn gáº·p bÃ¡c tÃ´i thÃ¬ háº¯n Ä‘Ã£ ra tay
nguá»“n: DÆ°Æ¡ng DÆ°Æ¡ng/ HÃ³ng Há»›t Bang",2018-05-16 09:29:00,Sáº¿p bá»‹ nhÃ¢n viÃªn Ä‘Ã¢m cháº¿t vÃ¬ bÃ¹ng lÆ°Æ¡ng
"TÆ°á»Ÿng nháº£y xe cá»§a chá»‹ lÃ  dá»… Ã , may mÃ  cháº¡y nhanh khÃ´ng thÃ¬ cÅ©ng vá»¡ má»“m táº¡i hiá»‡n trÆ°á»ng, Ä‘Äƒng video cáº£nh bÃ¡o má»i ngÆ°á»i xe phÃ¡o cáº©n tháº­n, giá» trá»™m cáº¯p nhÆ° ranh Ã½

nguá»“n: KSÄP",2018-05-16 08:54:00,Thanh niÃªn Ä‘áº¹p trai Ä‘i nháº£y xe mÃ¡y gáº·p Ä‘Ãºng chá»‹ gÃ¡i cÃ³ vÃµ
"LÃ  cÃ´ gÃ¡i hay má»™ng mÆ¡ ^^ chÃ¢n ngáº¯n khá»• váº­y Ä‘áº¥y anh em ,Ä‘Ã´i lÃºc ngáº¡i láº¯m cÆ¡ chá»© sung sÆ°á»›ng gÃ¬, mÃ  nhá»¯ng Ä‘á»©a chÃ¢n ngáº¯n láº¡i hay yÃªu nhá»¯ng Ä‘á»©a cao má»›i láº¡ @@

nguá»“n: Nam Te/KSÄP",2018-05-16 07:03:00,"CÃ´ gÃ¡i 1m52, chÃ¢n ngáº¯n Ä‘ang yÃªu nhá»‰"
"Khoáº£ng 5h30 chiá»u nay táº¡i Tráº§n Duy HÆ°ng HN, 1 thanh niÃªn tuá»•i ngoÃ i 30 cÃ³ biá»ƒu hiá»‡n ngháº¿u ngÃ¡o lao ra Ä‘Æ°á»ng Ä‘áº­p cá»­a kÃ­nh 1 Ã´ tÃ´ Ä‘ang dá»«ng trÃªn Ä‘Æ°á»ng.

Chá»§ Ã´ tÃ´ má»Ÿ cá»­a xe, Ä‘uá»•i theo tÃºm Ä‘Æ°á»£c thanh niÃªn ngháº¿u kia thÃ¬ bá»‹ Äƒn nguyÃªn 1 viÃªn gáº¡ch vÃ o Ä‘áº§u, mÃ¡u phun á»“ áº¡t trÃ´ng ráº¥t kinh khá»§ng.

Thanh niÃªn ngháº¿u ngay lÃºc Ä‘Ã³ bá»‹ ngÆ°á»i dÃ¢n vÃ  1 báº¡n member Beat khá»‘ng cháº¿, gá»i cáº£nh sÃ¡t vÃ  115 Ä‘áº¿n Ä‘Æ°a chá»§ xe Ã´ tÃ´ Ä‘i cáº¥p cá»©u vÃ  giáº£i quyáº¿t vá»¥ viá»‡c.

ÄÃ¡ng chÃº Ã½, trong toÃ n bá»™ quÃ¡ trÃ¬nh Ä‘áº­p xe, Ä‘Ã¡nh ngÆ°á»i. Thanh niÃªn ngÃ¡o váº«n hÃ© trÃªn mÃ´i 1 ná»¥ cÆ°á»i tÆ°Æ¡i rÃ³i. Ká»ƒ cáº£ khi Ä‘Ã£ bá»‹ ngÆ°á»i dÃ¢n khá»‘ng cháº¿, thanh niÃªn váº«n hiÃªn ngang ná»Ÿ 1 ná»¥ cÆ°á»i xua tan bá»‘i rá»‘i.


ThÃ´ng tin Ä‘Æ°á»£c chia sáº» tá»« member BEATVN : HoÃ ng Lai",2018-05-15 19:05:00,"Thanh niÃªn cÃ³ biá»ƒu hiá»‡n ngháº¿u ngÃ¡o Ä‘áº­p Ã´ tÃ´, Ä‘Ã¡nh ngÆ°á»i Ä‘i Ä‘Æ°á»ng toÃ© mÃ¡u táº¡i Tráº§n Duy HÆ°ng"
"Do thiáº¿u tiá»n chÆ¡i bá»i, báº¡n bÃ¨ lÃ´i kÃ©o, 2 thiáº¿u niÃªn chÆ°a Ä‘á»§ 14 tuá»•i Ä‘i cÆ°á»›p, thÃ´i thÃ¬ tuá»•i tráº» ai cÅ©ng cÃ³ cÃ¡i sai láº§m, chá»‰ mong lÃ  sau cÃ¡i sai láº§m thÃ¬ cÃ¡c em khÃ´ng quay trá»Ÿ láº¡i cÃ¡i váº¿t xe Ä‘á»• ná»¯aa , hiá»‡n Ä‘Ã£ Ä‘Æ°á»£c Ä‘Æ°a vá» cho gia Ä‘Ã¬nh vÃ  Ä‘á»‹a phÆ°Æ¡ng quáº£n lÃ½

nguá»“n: Plo.vn",2018-05-15 10:27:00,"2 thiáº¿u niÃªn theo bÄƒng cÆ°á»›p giáº­t tÃ i sáº£n, chÆ°a Ä‘á»§ 14 tuá»•i"
"Chung tay giÃºp sá»©c cho hiá»‡p sÄ© :))) hÃ nh Ä‘á»™ng Ä‘áº¹p láº¯m Trinh Æ¡i :)))

#beatzoom #ngoctrinh #hiepsi #ungho",2018-05-15 09:50:00,Ngá»c Trinh á»§ng há»™ Ä‘á»™i trÆ°á»Ÿng nhÃ³m hiá»‡p sÄ© gáº·p náº¡n 25 triá»‡u Ä‘á»“ng Ä‘Ã¢y cáº£ nhÃ  :)))
"cháº³ng biáº¿t clip nÃ y lÃ  nhÆ° nÃ o, em Ä‘Æ°á»£c hÃ³ng Ä‘Æ°á»£c fb, khÃ´ng biáº¿t cÃ³ pháº£i á»Ÿ ta khÃ´ng. nhÆ°ng em tháº¥y Ã´ng lÃ¡y mÃ¡y xÃºc lm viá»‡c nguy hiá»ƒm quÃ¡ ah, cÃ²n Ã´ng Ä‘á»— Ã´ tÃ´ thÃ¬ ngu vl.
p/s: Ä‘á» thÃ´i Ä‘en thÃ¬ xÃ¡c Ä‘á»‹nh má»‹a lun con con 4 bÃ¡nh kia k báº¹p vá»›i láº¡.
nguá»“n: Hoang Anh/ HBÄP",2018-05-15 09:33:00,Coi mÃ  tháº¥y nguy hiá»ƒm quÃ¡ ah.
"Anh cháº³ng cáº§n bÃ¡o chÃ­ Ä‘Æ°a tin
Anh tá»›i táº­n nÆ¡i viáº¿ng 2 hiá»‡p sÄ© tá»­ náº¡n
Anh thuÃª xe Ä‘Æ°a ngÆ°á»i thÃ¢n cá»§a cÃ¡c hiá»‡p sÄ© Ä‘Æ°a linh cá»¯u vá» quÃª
Anh há»— trá»£ ngay gia Ä‘Ã¬nh, ngÆ°á»i thÃ¢n cá»§a há», chia sáº» cÃ¹ng há» vÆ°á»£t qua giai Ä‘á»an khÃ³ khÄƒn
Anh Ä‘i Ä‘á»™c chiáº¿c quáº§n rÃ¡ch vÃ  Ä‘Ã´i dÃ©p tá»• ong
Anh lÃ  Nghá»‡ sÄ© Quyá»n Linh

nguá»“n: otofun",2018-05-15 08:15:00,Quyá»n Linh ngÆ°á»i nghá»‡ sá»¹ tháº§m láº·ng thi tháº¯p hÆ°Æ¡ng cho 3 hiá»‡p sá»¹
Ngu & CÃ¡i káº¿t ðŸ¶ðŸ¶ðŸ¶,2018-05-15 07:23:00,Nhá»¯ng pha nghá»‹ch ngu má»›i nháº¥t
"4h25p táº¡i cá»•ng nháº¡c viá»‡n HN, má»™t thanh niÃªn Ä‘ang quá»³ vá»›i bÃ³ hoa trÃªn tay, chÆ°a rÃµ lÃ  tá» tÃ¬nh hay xin lá»—i. Äá»©ng lÃªn chÃ ng trai, ngÆ°á»i Ä‘Ã n Ã´ng chá»‰ quá»³ vá»›i ngÆ°á»i yÃªu khi doggy mÃ  thÃ´i :( 
***
UPDATE 1: 4H35 mem kÃ½ sá»± Ä‘áº§u tiÃªn cÃ³ máº·t táº¡i hiá»‡n trÆ°á»ng vÃ  xÃ¡c nháº­n, Ä‘ang Ä‘á»£i má»™t báº¡n gÃ¡i giáº¥u tÃªn lÃ  Mai >0<
***
UPDATE 2: 4H40- má»™t báº¡n gÃ¡i tÃªn Mai giáº¥u tÃªn ra há»i thÄƒm vÃ  Ä‘Æ°á»£c biáº¿t khÃ´ng pháº£i cáº­u nÃ y tÃ¬m mÃ¬nh, ngay sau Ä‘Ã³ Ä‘Ã£ cÃ³ thÃªm ráº¥t nhiá»u báº¡n Mai ra vá»›i mong muá»‘n Ä‘Æ°á»£c dáº¯t ny vá» chá»¯a trá»‹ nhÆ°ng Ä‘á»u khÃ´ng pháº£i. MAIIIII Æ Iiiii báº¡n á»Ÿ Ä‘Ã¢u ðŸ˜ðŸ˜
***
UPDATE 3: 4H50 má»™t báº¡n há»c giáº¥u tÃªn cÃ³ facebook KhÃ¡nh LÃª ra báº¯n tin, Mai Ä‘ang bá»‹ tÃ¡o bÃ³n, Ä‘á»£i má»™t chÃºt, Má»i ng hÃ² reo cá»• vÅ©, thanh niÃªn Ä‘ang ráº¥t há»©ng khá»Ÿi.
****
UPDATE 4: 5H10p: cáº£m Ä‘á»™ng trÆ°á»›c sá»± si tÃ¬nh cá»§a chÃ ng trai, biá»‡t Ä‘á»™i Ä‘Ã n ca sÃ¡o nhá»‹ Ä‘Ã£ xuáº¥t hiá»‡n cá»• vÅ©ðŸ¤—ðŸ¤—ðŸ¤—ðŸ¤—
****
UPDATE 5h15: Tháº§y giÃ¡o bá»™ mÃ´n ra thÃ´ng bÃ¡o Mai hÃ´m nay trá»‘n tiáº¿t khÃ´ng Ä‘iá»ƒm danh, thanh niÃªn ngáº­m ngÃ¹i vá»©t hoa Ä‘i vá» :( ðŸ˜­ðŸ˜­ðŸ˜­

UPDATE 6h00 : Thanh niÃªn Ä‘Ã£ quay láº¡i sau khi Ä‘i wc giáº£i quyáº¿t ná»—i buá»“n, báº¥t cháº¥p táº¥t cáº£ quyáº¿t chá» em ""Mai"".

Cre: Kin Yan vÃ  ToÃ n bá»™ mem kÃ½ sá»± hÃ³ng táº¡i hiá»‡n trÆ°á»ng",2018-05-15 16:37:00,Thanh niÃªn quá»³ gá»‘i tá» tÃ¬nh trÆ°á»›c cá»•ng nháº¡c viá»‡n Ä‘Æ°á»£c sinh viÃªn trÆ°á»ng support Ä‘Ã¡nh Ä‘Ã n phá»¥ hoáº¡ nhÆ°ng váº«n tháº¥t báº¡i
"NhÃ  mÃ¬nh mÃ  cÃ³ Dream thÃ¡i nguyÃªn zin thÃ¬ pháº£i lÃ m gÃ¬ nhá»‰ ???? ÄÃ³ng cmn khung láº¡i thui chá»© sao :3 
Äá»ƒ giá»¯a phÃ²ng khÃ¡ch tháº¿ nÃ y, ai mÃ  Ä‘áº¿n nhÃ  chá»‰ cÃ³ phá»¥c lÄƒn sÃ¡t Ä‘áº¥t

Nguá»“n : KÃ½ Sá»± ÄÆ°á»ng Phá»‘",2018-05-15 16:28:00,Dream ThÃ¡i nguyÃªn báº£n Ä‘áº¯t hÆ¡n cáº£ oto :O
,2018-05-15 16:22:00,MÃ¹ng 1 sá»›m mai láº­y cá»¥ cho con giÃ u Ãº á»¥ áº¡:))))
"SÃ¡ng ngÃ y 15/3, dÃ²ng ngÆ°á»i tá»« nhiá»u nÆ¡i Ä‘Ã£ Ä‘áº¿n nhÃ  anh Nguyá»…n HoÃ ng Nam ( 29 tuá»•i, Äá»“ng Nai, 1 trong 2 hiá»‡p sÄ© bá»‹ cÆ°á»›p Ä‘Ã¢m tá»­ vong) Ä‘á»ƒ viáº¿ng thÄƒm, chia buá»“n cÃ¹ng gia Ä‘Ã¬nh anh.

Má»—i ngÆ°á»i má»™t nÃ©n nhang, cháº§m cháº­m bÆ°á»›c vÃ o, táº¥t cáº£ Ä‘á»u khÃ´ng thá»ƒ kiá»m Ä‘Æ°á»£c sá»± xÃºc Ä‘á»™ng khi nhÃ¬n di áº£nh cá»§a chÃ ng trai tráº» Ä‘Ã£ náº±m xuá»‘ng vÃ¬ hÃ nh Ä‘á»™ng trÆ°á»£ng nghÄ©a.

Äá»©ng phÃ­a bÃªn ngoÃ i phá»¥ lo háº­u sá»±, tiáº¿p khÃ¡ch Ä‘áº¿n viáº¿ng, Quá»³nh Trang (22 tuá»•i, ngÆ°á»i yÃªu anh Nam) váº«n chÆ°a háº¿t Ä‘au Ä‘á»›n má»—i láº§n ká»ƒ vá» chá»“ng sáº¯p cÆ°á»›i cá»§a mÃ¬nh â€“ má»™t hiá»‡p sÄ© Ä‘Æ°á»£c bao ngÆ°á»i yÃªu máº¿n.

Trang ká»ƒ, tá»‘i ngÃ y 13/5 cÃ´ nháº­n tin ngÆ°á»i yÃªu gáº·p náº¡n vÃ  tÆ°á»Ÿng Ä‘Ã³ lÃ  vá»¥ tai náº¡n giao thÃ´ng. Sau Ä‘Ã³, Trang cháº¡y Ä‘áº¿n bá»‡nh viá»‡n rá»“i má»›i biáº¿t anh Nam trong lÃºc tham gia báº¯t cÆ°á»›p bá»‹ nhá»¯ng Ä‘á»‘i tÆ°á»£ng nÃ y dÃ¹ng dao táº¥n cÃ´ng tá»­ vong.

""LÃºc Ä‘Ã³ tÃ´i chá»‰ biáº¿t khÃ³c, khÃ´ng biáº¿t lÃ m gÃ¬ vÃ¬ tay chÃ¢n cá»© run run, sá»£ máº¥t anh Nam. TrÃªn Ä‘Æ°á»ng Ä‘áº¿n bá»‡nh viá»‡n tÃ´i chá»‰ nghÄ© trong Ä‘áº§u anh Nam sáº½ khÃ´ng bá»‹ lÃ m sao Ä‘Ã¢u. Sau Ä‘Ã³ má»›i biáº¿t anh áº¥y Ä‘Ã£ mÃ£i ra Ä‘i"", Trang nÃ³i rá»“i gá»¥c máº·t xuá»‘ng vÃ  tÃ¢m sá»±.

""ÄÃ´i khi máº¥y anh tham gia báº¯t cÆ°á»›p khÃ´ng nghÄ© Ä‘áº¿n tÃ­nh máº¡ng cá»§a mÃ¬nh sáº½ gáº·p nguy hiá»ƒm, mÃ  muá»‘n báº£o vá»‡ cuá»™c sá»‘ng bÃ¬nh yÃªn cho má»i ngÆ°á»i. Náº¿u nÃ³i táº¡i sao tÃ­nh máº¡ng mÃ¬nh báº£o vá»‡ khÃ´ng Ä‘Æ°á»£c thÃ¬ lÃ m sao báº£o vá»‡ tÃ­nh máº¡ng ngÆ°á»i khÃ¡c thÃ¬ cÃ¡c anh Ä‘Ã£ á»Ÿ nhÃ  rá»“i. Tuy nhiÃªn Ä‘Ã¢y lÃ  lá»±a chá»n cá»§a anh, lÃ  niá»m Ä‘am mÃª, nhiá»‡t huyáº¿t muá»‘n mang láº¡i sá»± bÃ¬nh yÃªn cho ngÆ°á»i dÃ¢n"", Trang chia sáº».

Máº·c dÃ¹ váº­y, lÃ  con gÃ¡i khÃ´ng ai khÃ´ng muá»‘n ngÆ°á»i mÃ¬nh yÃªu pháº£i bá» máº¡ng vÃ¬ chuyá»‡n Ä‘i báº¯t cÆ°á»›p. Trang tÃ¢m sá»±: ""TÃ´i cÅ©ng muá»‘n giá»¯ ngÆ°á»i yÃªu bÃªn mÃ¬nh, khuyÃªn anh Nam khÃ´ng Ä‘Æ°á»£c Ä‘i tham gia báº¯t cÆ°á»›p ná»¯a vÃ¬ quÃ¡ nguy hiá»ƒm. NhÆ°ng giá» thÃ¬ khÃ´ng khuyÃªn Ä‘Æ°á»£c ná»¯a rá»“i"".

Theo Trang, cÃ´ Ä‘Ã£ nhiá»u láº§n khuyÃªn ngÆ°á»i yÃªu tá»« bá» lÃ m ""hiá»‡p sÄ©"" vÃ¬ cáº£ hai Ä‘á»u cÃ³ dá»± Ä‘á»‹nh káº¿t hÃ´n, chung sá»‘ng lÃ¢u dÃ i vá»›i nhau nÃªn khÃ´ng muá»‘n anh Nam gáº·p nguy hiá»ƒm. Trang muá»‘n yÃªn bá» gia tháº¥t, cÃ³ má»™t gia Ä‘Ã¬nh bÃ¬nh yÃªn nhÆ° bao ngÆ°á»i phá»¥ ná»¯ muá»‘n xÃ¢y Ä‘áº¯p tá»• áº¥m.

BÃªn cáº¡nh Ä‘Ã³, gia Ä‘Ã¬nh cá»§a cÃ´ cÅ©ng nhiá»u láº§n khuyÃªn con rá»ƒ tÆ°Æ¡ng lai nÃªn dá»«ng cÃ´ng viá»‡c ""hiá»‡p sÄ©"" Ä‘á»ƒ vá»£ con Ä‘á»¡ lo láº¯ng. Sau khi ba máº¥t, hiá»‡n Trang chá»‰ á»Ÿ vá»›i máº¹ táº¡i quáº­n GÃ² Váº¥p. Gia Ä‘Ã¬nh vÃ  há» hÃ ng cá»§a cÃ´ Ä‘á»u quÃ½ máº¿n chÃ ng rá»ƒ tÆ°Æ¡ng lai vÃ¬ tÃ­nh tÃ¬nh hiá»n lÃ nh, tháº­t thÃ .

Vá» pháº§n anh Nam, khi Ä‘Æ°á»£c ngÆ°á»i ngÆ°á»i yÃªu khuyÃªn háº¡n cháº¿ hoáº·c tá»« bá» nghiá»‡p ""hiá»‡p sÄ©"" nhÆ°ng chÃ ng trai tráº» vÃ¬ niá»m Ä‘am mÃª, thÃ­ch lÃ m viá»‡c nghÄ©a hiá»‡p nÃªn váº«n dáº¥n thÃ¢n Ä‘á»ƒ báº£o vá»‡ sá»± bÃ¬nh yÃªn cho xÃ£ há»™i.

""CÃ³ láº§n hai Ä‘á»©a háº¹n hÃ² gáº·p nhau nhÆ°ng lÃºc Ä‘Ã³ anh Nam cÃ³ Ä‘iá»‡n thoáº¡i tá»« anh em trong nhÃ³m ""hiá»‡p sÄ©"" rá»“i anh áº¥y lá»¡ háº¹n vá»›i ngÆ°á»i yÃªu. TÃ´i cÅ©ng khÃ´ng trÃ¡ch anh áº¥y nhÆ°ng hÆ¡i buá»“n chÃºt thÃ´i. Quen nhau Ä‘Æ°á»£c 4 nÄƒm nÃªn pháº§n nÃ o hiá»ƒu Ä‘Æ°á»£c tÃ­nh cÃ¡ch cá»§a anh. TÃ´i vÃ  anh Nam cÅ©ng dá»± Ä‘á»‹nh cÆ°á»›i sau khi tÃ´i ra trÆ°á»ng, cháº¯c khoáº£ng 1 nÄƒm ná»¯a. NhÆ°ng má»i dá»± Ä‘á»‹nh Ä‘Ã£ tan biáº¿n sau sá»± viá»‡c Ä‘au lÃ²ng nÃ y"", Trang nÃ³i.

Sau khi ngÆ°á»i yÃªu máº¥t, Trang nhÆ° ngÆ°á»i máº¥t Ä‘á»‹nh hÆ°á»›ng, khÃ´ng biáº¿t lÃ m tháº¿ nÃ o Ä‘á»ƒ vÆ°á»£t qua Ä‘Æ°á»£c ná»—i Ä‘au nÃ y. CÃ´ khÃ³c nhiá»u Ä‘áº¿n sÆ°ng cáº£ cáº£ máº¯t tá»« lÃºc nghe tin anh Nam bá»‹ tá»­ náº¡n Ä‘áº¿n lÃºc Ä‘áº¿n nháº­n thi thá»ƒ ngÆ°á»i yÃªu vá» quÃª nhÃ .

Hiá»‡n táº¡i Trang cÃ¹ng gia Ä‘Ã¬nh anh Nam Ä‘ang táº¥t báº­t lo háº­u sá»± cho gia Ä‘Ã¬nh ngÆ°á»i yÃªu. CÃ´ gÃ¡i tráº» chá»‰ mong anh Nam hÃ£y yÃªn nghá»‰, tá»™i pháº¡m sáº½ bá»‹ phÃ¡p luáº­t trá»«ng trá»‹ thÃ­ch Ä‘Ã¡ng

theo : Thá»i Äáº¡i",2018-05-15 16:04:00,"Vá»£ sáº¯p cÆ°á»›i cá»§a Hiá»‡p Sá»¹ hi sinh : em muá»‘n giá»¯ anh bÃªn mÃ¬nh láº¯m, nhÆ°ng báº¯t cÆ°á»›p lÃ  lá»±a chá»n vÃ  Ä‘am mÃª cá»§a anh..."
"Äá»«ng cÃ³ tÆ°á»Ÿng chá»¥y lÃ  phÃ¡i yáº¿u mÃ  khÃ´ng biáº¿t thá»ƒ hiá»‡n nhÃ©, gÃ¬ chá»© vá»«a lÃ¡i xe mÃ´ tÃ´ vá»« chÃ¢m thuá»‘c lÃ  Ä‘áº³ng cáº¥p cá»§a chá»‹ rá»“i.
p/s: Ä‘Ã¹a chá»© trÃ´ng chá»‹ nÃ y cháº¯c k pháº£i dáº¡ng bÃ¬nh thÆ°á»ng rá»“i, cÅ©ng cá»Ÿ chá»‹ Ä‘áº¡i Ä‘Ã¢y ...
nguá»“n: KSC",2018-05-15 15:37:00,TrÃ´ng chá»‹ áº¥y cÃ²n ngáº§u hÆ¡n cáº£ tráº» trÃ¢u..
"TrÃ­ch phim :"" PhÃ­a trÆ°á»›c lÃ  lÅ© dá»“ dáº¡i"" - vá»›i sá»± tham gia cá»§a diá»…n viÃªn ThÃ nh Trung trong vai chá»‹ Ngá»‡t. LÃ¢m Nháº­t Lá»‡ trong vai bÃ  máº¹ ny vÃ  t trong vai chÃº moÃ¨ báº¥t háº¡nh ðŸ™„

nguá»“n: ÄoÃ n Báº£o Yáº¿n / KSC",2018-05-14 18:05:00,Nghá»‡ thuáº­t tháº£ thÃ­nh tháº£o mai Ã¡p dá»¥ng vÃ o Ä‘á»i thÆ°á»ng
HÃº há»“n luÃ´n Ã  :))),2018-05-14 16:50:00,Troll Ã¡c quÃ¡ !
"Chiá»u 14.5, nguá»“n tin cá»§a Thanh NiÃªn, cho biáº¿t CÃ´ng an Q.3 phá»‘i há»£p vá»›i PhÃ²ng Cáº£nh sÃ¡t hÃ¬nh sá»± (PC45) - CÃ´ng an TP.HCM Ä‘Ã£ báº¯t Ä‘Æ°á»£c 1 nghi can liÃªn quan Ä‘áº¿n vá»¥ bÄƒng cÆ°á»›p táº¥n cÃ´ng, Ä‘Ã¢m nhÃ³m hiá»‡p sÄ© khiáº¿n 2 ngÆ°á»i cháº¿t, 3 ngÆ°á»i bá»‹ thÆ°Æ¡ng.

Hiá»‡n cÃ¡c Ä‘iá»u tra viÃªn Ä‘ang láº¥y lá»i khai cá»§a nghi can nÃ y.

CÃ¡c Hiá»‡p Sá»¹ cá»§a chÃºng ta hiá»‡n táº¡i cÃ³ 3 ngÆ°á»i hi sinh Ä‘ang Ä‘Æ°á»£c ngÆ°á»i thÃ¢n vÃ  dÃ¢n chÃºng thá»±c hiá»‡n nhá»¯ng nghi thá»©c cuá»‘i Ä‘á»ƒ Ä‘Æ°a tiá»…n cÃ¡c anh vá» nÆ¡i an nghá»‰ cuá»‘i cÃ¹ng.

1 Hiá»‡p Sá»¹ hi sinh Ä‘ang chuáº©n bá»‹ láº¥y vá»£, 2 hiá»‡p sá»¹ cÃ²n láº¡i Ä‘Ã£ cÃ³ gia Ä‘Ã¬nh vá»£ con hoÃ n cáº£nh khÃ´ng khÃ¡ giáº£ nhÆ°ng há» váº«n dÃ nh nhiá»u thá»i gian ráº£nh rá»—i báº£o vá»‡ sá»± bÃ¬nh yÃªn cho  ngÆ°á»i dÃ¢n thÃ nh phá»‘.

3 hiá»‡p sá»¹ bá»‹ thÆ°Æ¡ng ráº¥t nghiÃªm trá»ng vÃ  Ä‘i cáº¥p cá»©u trong tÃ¬nh tráº¡ng nguy ká»‹ch hiá»‡n chÃº HoÃ ng trÆ°á»Ÿng Ä‘á»™i Ä‘Ã£ tá»‰nh láº¡i. 2 hiá»‡p sá»¹ cÃ²n láº¡i váº«n Ä‘ang giÃ nh giáº­t sá»± sá»‘ng tá»« tay tá»­ tháº§n.

Hiá»‡n Ä‘Ã£ báº¯t Ä‘Æ°á»£c 1 tÃªn, nhá»¯ng tÃªn cÃ²n láº¡i cháº¯c cháº¯n sáº½ bá»‹ báº¯t sá»›m thÃ´i (y)

Theo : Thanh NiÃªn",2018-05-14 15:24:00,"NÃ³ng : ÄÃ£ báº¯t Ä‘Æ°á»£c 1 nghi can vá»¥ Ä‘Ã¢m 6 Hiá»‡p SÄ©, truy tÃ¬m tung tÃ­ch 3 tÃªn cÃ²n láº¡i !!!"
"Sá»± tháº¥t vá»ng cá»§a má»™t chÃ ng trai khi bá»‹ má»™t cÃ´ gÃ¡i tá»« chá»‘i lÃ  Ä‘Ã¢y chá»© Ä‘Ã¢u ...
nguá»“n clip: NEU Confessions",2018-05-14 15:00:00,Sao báº¡n áº¥y cháº£nh tháº¿ nhá»‰ :(
"chÃº Ä‘Ã£ khÃ³c trÃªn giÆ°á»ng bá»‡nh khi biáº¿t tin cÃ¡c Ä‘á»“ng Ä‘á»™i cá»§a mÃ¬nh Ä‘Ã£ tá»­ náº¡n. ná»—i Ä‘au quÃ¡ lá»›n cho ngÆ°á»i thÃ¢n cá»§a cÃ¡c hiá»‡p sá»¹

Nguá»“n  bÃ¡o THANH NIÃŠN",2018-05-14 14:48:00,ChÃº HoÃ ng Ä‘á»™i trÆ°á»Ÿng Ä‘á»™i hiá»‡p sá»¹ hÃ´m qua bá»‹ Ä‘Ã¢m trá»ng thÆ°Æ¡ng Ä‘Ã£ tá»‰nh láº¡i
"MÃ¹a hÃ¨ náº¯ng nÃ³ng oi bá»©c, kem chÃ­nh lÃ  thá»© chÃºng ta giáº£i nhiá»‡t tá»‘t nháº¥t tuy nhiÃªn hiá»‡n nay trÃªn thá»‹ trÆ°á»ng cÃ³ ráº¥t nhiá»u loáº¡i kem Ä‘Æ°á»£c bÃ¡n trÃ n lan. Ä‘áº·c biá»‡t nhá»¯ng cÃ¢y kem siÃªu ráº», máº¥t vá»‡ sinh váº«n Ä‘ang len lá»i má»i ngÃ³c ngÃ¡ch tá»« thÃ nh thá»‹ tá»›i nÃ´ng thÃ´n. nhÆ°ng nhá»¯ng cÃ¢y kem Ä‘áº¥y khÃ´ng ai biáº¿t há» sáº£n xuáº¥t tá»« Ä‘Ã¢u, háº¡n sá»­ dá»¥ng tháº¿ nÃ o váº«n Ä‘Æ°á»£c má»i lá»©a tuá»•i Ä‘Æ°a vÃ o miá»‡ng khi nhá»¯ng cÃ¡i náº¯ng hÃ¨ hÃ nh háº¡.
 chÃ­nh vÃ¬ váº­y khi chÃºng ta lá»±a chá»n nhá»¯ng cÃ¢y kem nÃªn chÃº Ã½ Ä‘áº¿n nhá»¯ng cá»§a hÃ ng uy tÃ­n, hay nhá»¯ng cÃ¢y kem cÃ³ Ä‘áº§y Ä‘á»§ thÃ´ng tin nhÃ£n mÃ¡c. Ä‘á»ƒ háº¡n cháº¿ tá»‘i thiá»ƒu Äƒn pháº£i kem nhÃ¡i vÃ  bá»‹ tÃ o thÃ¡o lÃ¹a cháº¡y trong cÃ¡i hÃ¨ oi bá»©c nhÃ©.
 chÃºc cÃ¡c báº¡n mÃ¹a hÃ¨ vui váº» bÃªn nhá»¯ng cÃ¢y kem Ahii
nguá»“n áº£nh:  áº©m thá»±c tÃ¢y báº¯c",2018-05-14 13:35:00,"HÃ¨ Ä‘áº¿n rá»“i a,e cáº©n tháº­n trÃ¡nh Äƒn pháº£i kem nhÃ¡i nhÃ© :)"
"Chuyá»‡n lÃ  cÃ¡ch Ä‘Ã¢y máº¥y thÃ¡ng tá»› cÃ³ ny. A tháº­t sá»± hiá»n, hiá»ƒu chuyá»‡n vÃ  thÆ°Æ¡ng tá»›, chiá»u tá»› háº¿t má»±c. Tá»› tá»± nháº­n ngoáº¡i hÃ¬nh cá»§a tá»› cÃ²n nhiá»u khuyáº¿t Ä‘iá»ƒm: da ngÄƒm, hÆ¡i trÃ²n vÃ¬ tá»› 60 kg. CÃ²n theo má»i ng nháº­n xÃ©t thÃ¬ tá»› dá»… gáº§n vÃ  Æ°a nhÃ¬n váº­y Ä‘Ã³. LÃºc Ä‘áº§u yÃªu nhau tá»› cÅ©ng ngáº¡i vÃ¬ lÃ n da cá»§a mÃ¬nh láº¯m, nÃªn toÃ n máº·c Ã¡o thun vá»›i jeans thÃ´i. Äi chÆ¡i vá»›i ny tá»› k dÃ¡m máº·c quáº§n ngáº¯n hoáº·c Ä‘áº§m luÃ´n Ã­ . Anh báº£o cÃ³ gÃ¬ Ä‘Ã¢u mÃ  em ngáº¡i, Ä‘en tráº¯ng nhÆ° nÃ o cÅ©ng Ä‘c miá»…n lÃ  chÃ¢n thÃ nh. VÃ¢ng, tá»› tháº¥y yÃªn tÃ¢m cho Ä‘áº¿n má»™t ngÃ y anh cáº§m tay tá»›, ngáº¯m má»™t há»“i lÃ¢u rá»“i cÆ°á»i sáº·c sá»¥a. Tá»› há»i sao láº¡i cÆ°á»i thÃ¬ anh báº£o lÃ : da em Ä‘en gáº§n ngang vá»›i da anh rá»“i nÃ y. Tá»› vá»‘n Ã­t Ä‘á»ƒ bá»¥ng, vá»›i láº¡i Ã­t Ä‘á»ƒ bá»¥ng nÃªn chá»‰ cÆ°á»i xong thÃ´i. CÅ©ng tá»« Ä‘áº¥y, má»—i láº§n Ä‘i chÆ¡i anh hay chÃª tá»› Ä‘en, xuá»‘ng sáº¯c rá»“i láº¡i báº£o ngÃ y xÆ°a nyc anh tráº¯ng láº¯m, ny cá»§a báº¡n anh, cá»§a máº¥y tháº±ng Ä‘Æ¡n vá»‹ anh xinh láº¯m láº¡i tráº¯ng ná»¯a, cÅ©ng k máº­p nhÆ° em Ä‘Ã¢u. Tá»› cay láº¯m nhÆ°ng láº§n nÃ y tá»› nÃ³i láº¡i: suy nghÄ© cá»§a anh thay Ä‘á»•i rá»“i Ã , k tiáº¿p tá»¥c Ä‘Æ°á»£c ná»¯a thÃ¬ dá»«ng láº¡i Ä‘i, em khÃ´ng xinh khÃ´ng tráº¯ng báº±ng máº¥y cÃ´ nyc cá»§a anh Ä‘Ã¢u. VÃ  tháº¿ lÃ  chia tay tháº­t. Sau Ä‘áº¥y tá»› soi Ä‘Æ°á»£c thÃ¬ hÃ¬nh nhÆ° anh ta yÃªu láº¡i chá»‹ nyc kia.
Chia tay nhau khoáº£ng Ä‘Æ°á»£c 1 thÃ¡ng rá»“i, bÃ¢y giá» tá»› Ä‘Ã£ giáº£m Ä‘Æ°á»£c 7kg, dÃ nh thá»i gian chÄƒm sÃ³c da báº±ng cÃ¡c liá»‡u phÃ¡p thiÃªn nhiÃªn ná»¯a. Tá»› tháº¥y tá»± tin háº³n vÃ¬ da tá»› Ä‘Ã£ cÃ³ sá»± thay Ä‘á»•i mÃ u rÃµ rá»‡t rá»“i. Pháº£i nÃ³i lÃ  cáº£m Æ¡n nyc vÃ¬ anh ta Ä‘Ã£ lÃ m Ä‘á»™ng lá»±c Ä‘á»ƒ tá»› Ä‘áº¹p hÆ¡n. Nghe Ä‘Ã¢u nyc cÅ©ng Ä‘Ã£ chia tay ny rá»“i. ÄÃ¡ng Ä‘á»i tÃªn 2 máº·t.
Äiá»u cuá»‘i cÃ¹ng tá»› muá»‘n nháº¯n nhá»§ lÃ : cÃ¡c báº¡n nam áº¡, ngoáº¡i hÃ¬nh k quan trá»ng báº±ng tÃ¢m há»“n vÃ  cÃ¡ch Ä‘á»‘i nhÃ¢n xá»­ tháº¿ Ä‘á»ƒ táº¡o nÃªn tÃ¬nh yÃªu Ä‘Ã¢u. NÃªn cÃ¡c báº¡n hÃ£y trÃ¢n trá»ng ny mÃ¬nh dÃ¹ cÃ¡c báº¡n áº¥y cÃ³ khÃ´ng Ä‘Æ°á»£c xinh, da khÃ´ng tráº¯ng vÃ  eo k thon nhÃ©.
Nguá»“n: NEU Confessions",2018-05-14 13:01:00,TÃ¢m sá»± cá»§a má»™t cÃ´ gÃ¡i cÃ³ lÃ n da ngÄƒm Ä‘en vÃ  báº¿u bá»‹ ngÆ°á»i iu Ä‘Ã¡.
"khÃ´ng cÃ³ viá»‡c j lÃ m ah sen mÃ  láº¡i ra chá»c phÃ¡ khi gáº¥u iu cá»§a tui Ä‘ang ngá»§ ...:(
nguá»“n: Boss vÃ  sen",2018-05-14 12:02:00,"Con sen Ä‘á»«ng hÃ²ng Ä‘á»¥ng vÃ o gáº¥u cá»§a tao nhÃ©, quyáº¿t báº£o vá»‡ Ä‘áº¿n cÃ¹ng."
"TrÃ­ch xuáº¥t camera, xÃ¡c Ä‘á»‹nh nhÃ³m Ä‘á»‘i tÆ°á»£ng Ä‘Ã¢m 5 thÃ nh viÃªn Ä‘á»™i hiá»‡p sÄ© thÆ°Æ¡ng vong
Qua trÃ­ch xuáº¥t camera, c.an xÃ¡c Ä‘á»‹nh nhÃ³m Ä‘á»‘i tÆ°á»£ng Ä‘Ã£ dÃ¹ng dao tá»± cháº¿ Ä‘Ã¢m 5 thÃ nh viÃªn trong Ä‘á»™i hiá»‡p sÄ© TÃ¢n BÃ¬nh thÆ°Æ¡ng vong. Hiá»‡n c.an Ä‘ang tung nhiá»u lá»±c lÆ°á»£ng tiáº¿n hÃ nh truy báº¯t cÃ¡c Ä‘á»‘i tÆ°á»£ng gÃ¢y Ã¡n.

NgÃ y 14/5, C.an quáº­n 3 Ä‘ang phá»‘i há»£p cÃ¹ng cÃ¡c Ä‘Æ¡n vá»‹ nghiá»‡p vá»¥ CÃ´ng an TPHCM tiáº¿n hÃ nh Ä‘iá»u tra truy báº¯t nhÃ³m trá»™m Ä‘Ã¢m cÃ¡c thÃ nh viÃªn trong Ä‘á»™i hiá»‡p sÄ© TÃ¢n BÃ¬nh khiáº¿n 5 ngÆ°á»i thÆ°Æ¡ng vong. 

Hai hiá»‡p sÄ© tá»­ vong Ä‘Æ°á»£c xÃ¡c Ä‘á»‹nh lÃ  anh Nguyá»…n HoÃ ng Nam (29 tuá»•i, ngá»¥ quáº­n GÃ² Váº¥p,) vÃ  anh Nguyá»…n VÄƒn ThÃ´i (42 tuá»•i, ngá»¥ tá»‰nh BÃ¬nh Äá»‹nh, trÃº quáº­n TÃ¢n BÃ¬nh). 

Ba hiá»‡p sÄ© bá»‹ thÆ°Æ¡ng Ä‘ang Ä‘Æ°á»£c Ä‘iá»u trá»‹ táº¡i bá»‡nh viá»‡n lÃ  anh Tráº§n VÄƒn HoÃ ng (47 tuá»•i, trÃº quáº­n TÃ¢n BÃ¬nh), anh Nguyá»…n Äá»©c Huy (22 tuá»•i, ngá»¥ quáº­n TÃ¢n PhÃº) vÃ  anh Äinh PhÃº QuÃ½ (22 tuá»•i, ngá»¥ huyá»‡n Cá»§ Chi). 

Theo Ä‘iá»u tra ban Ä‘áº§u, khoáº£ng 20h30 ngÃ y 13/5, nhÃ³m hiá»‡p sÄ© TÃ¢n BÃ¬nh gá»“m cÃ¡c anh: ThÃ´i, Nam, HoÃ ng, Huy, QuÃ½, Äinh VÄƒn TÃ i vÃ  anh LÃª VÄƒn TuyÃªn lÆ°u thÃ´ng trÃªn 4 xe mÃ¡y trÃªn khu vá»±c quáº­n 3, TPHCM. 

Khi Ä‘áº¿n khu vá»±c Ä‘Æ°á»ng Báº¯c Háº£i, quáº­n 10 thÃ¬ phÃ¡t hiá»‡n 2 thanh niÃªn Ä‘i xe mÃ¡y hiá»‡u Exiter cÃ³ biá»ƒu hiá»‡n trá»™m cáº¯p tÃ i sáº£n cÃ¡c anh tiáº¿n hÃ nh bÃ¡m Ä‘uá»•i theo tá»« khu Báº¯c Háº£i vá» Ä‘Æ°á»ng CÃ¡ch Máº¡ng ThÃ¡ng TÃ¡m, quáº­n 3. 
Tháº¥y váº­y, nhÃ³m hiá»‡p sÄ© Ä‘Æ°á»ng phá»‘ Ä‘Ã£ tá»• chá»©c vÃ¢y báº¯t Ä‘á»‘i tÆ°á»£ng trá»™m xe SH. Khi tiáº¿p cáº­n Ä‘á»‘i tÆ°á»£ng Ä‘ang báº» khÃ³a xe SH thÃ¬ Ä‘á»‘i tÆ°á»£ng nÃ y rÃºt dao tá»± cháº¿ giáº¥u trong ngÆ°á»i ra, Ä‘Ã¢m trÃºng nhiá»u thÃ nh viÃªn trong nhÃ³m hiá»‡p sÄ© vÃ  lÃªn xe bá» cháº¡y vá» hÆ°á»›ng ngÃ£ sÃ¡u D.Ã¢n Ch.á»§, quáº­n 3 táº©u thoÃ¡t. 

NgÆ°á»i dÃ¢n Ä‘Æ°a 2 hiá»‡p sÄ© vÃ o bá»‡nh viá»‡n cáº¥p cá»©u nhÆ°ng vÃ¬ thÆ°Æ¡ng tÃ­ch náº·ng nÃªn cáº£ 2 Ä‘á»u tá»­ vong. CÃ²n cÃ¡c anh HoÃ ng, QuÃ½, Huy váº«n Ä‘ang Ä‘Æ°á»£c Ä‘iá»u trá»‹. RiÃªng anh TÃ i vÃ  anh TuyÃªn khÃ´ng bá»‹ thÆ°Æ¡ng. 

BÆ°á»›c Ä‘áº§u, qua trÃ­ch xuáº¥t camera, CÃ´ng an xÃ¡c Ä‘á»‹nh nhÃ³m Ä‘á»‘i tÆ°á»£ng Ä‘Ã£ dÃ¹ng dao tá»± cháº¿ Ä‘Ã¢m 5 thÃ nh viÃªn trong Ä‘á»™i hiá»‡p sÄ© TÃ¢n BÃ¬nh thÆ°Æ¡ng vong. Hiá»‡n cÃ´ng an Ä‘ang tung nhiá»u lá»±c lÆ°á»£ng tiáº¿n hÃ nh truy báº¯t cÃ¡c Ä‘á»‘i tÆ°á»£ng gÃ¢y Ã¡n.

Nguá»“n : kenh14 #hiepsi",2018-05-14 11:38:00,"TrÃ­ch xuáº¥t camera,  xÃ¡c Ä‘á»‹nh nhÃ³m Ä‘á»‘i tÆ°á»£ng Ä‘Ã¢m 6 Hiá»‡p Sá»¹ thÆ°Æ¡ng vong Ä‘Ãªm qua !!!"
"Chá»n yÃªu anh hay lÃ  nghe Ä‘Ã¡p Ã¡n,thÃ´i thÃ¬ trong lÃºc nÃªn báº£ng thÃ¬ em váº«n cá»© nghe Ä‘Ã¡p Ã¡n Ä‘Ã£ hihi",2018-05-14 11:10:00,Chá»n yÃªu anh hay lÃ  nghe Ä‘Ã¡p Ã¡n
"Trá»i Æ¡i, Ä‘Ã¢y lÃ  diá»…n viÃªn - ca sá»¹ Ä‘Ã¢y Ã , sao láº¡i hoang tÃ n nhÆ° nÃ y , khÃ´ng nháº­n ra luÃ´n Ã½ , má»i láº§n lÃªn áº£nh, lÃªn sÃ³ng nhÃ¬n nhÆ° HÃ n Quá»‘c mÃ  giá» láº¡i ....

Nguá»“n: Thanhnien.vn",2018-05-15 13:36:00,DÃ¢n máº¡ng sá»‘c náº·ng trÆ°á»›c hÃ¬nh áº£nh tÃ n táº¡ cá»§a Rocker Nguyá»…n trÃªn phá»‘
"SÃ¡ng nay ngÃ y 15/5, CÃ´ng an TP.HCM Ä‘Ã£ tá»• chá»©c cuá»™c há»p bÃ¡o, thÃ´ng tin chÃ­nh thá»©c vá» vá»¥ Ã¡n máº¡ng khiáº¿n 5 hiá»‡p sÄ© thÆ°Æ¡ng vong trÃªn Ä‘Æ°á»ng CÃ¡ch Máº¡ng ThÃ¡ng 8, quáº­n 3, TP.HCM vÃ o tá»‘i ngÃ y 13/5 gÃ¢y xÃ´n xao dÆ° luáº­n. 
Theo Ä‘Ã³, CÃ´ng an TP.HCM Ä‘Ã£ báº¯t giá»¯ hai nghi can gá»“m Nguyá»…n Táº¥n TÃ i (sinh nÄƒm 1993, cÃ²n gá»i TÃ i ""má»¥n"", ngá»¥ quáº­n 12, bá»‹ báº¯t táº¡i quáº­n GÃ² Váº¥p vÃ o tá»‘i qua) vÃ  Nguyá»…n HoÃ ng ChÃ¢u PhÃº (sinh nÄƒm 1994, ngá»¥ HÃ³c MÃ´n). 
Thiáº¿u tÆ°á»›ng Phan Anh Minh - PhÃ³ giÃ¡m Ä‘á»‘c, Thá»§ trÆ°á»Ÿng CÆ¡ quan CSÄT CÃ´ng an TPHCM nháº­n Ä‘á»‹nh, Ä‘Ã¢y lÃ  vá»¥ Ã¡n Ä‘áº·c biá»‡t nghiÃªm trá»ng, Ä‘á»‘i tÆ°á»£ng trá»±c tiáº¿p gÃ¢y Ã¡n lÃ  TÃ i ""má»¥n"" cá»±c ká»³ hung báº¡o. 
   
     Thiáº¿u tÆ°á»›ng Phan Anh Minh cÅ©ng thÃ´ng tin, qua trÃ­ch xuáº¥t camera cho tháº¥y, thá»i gian nhÃ³m trá»™m rÃºt dao táº¥n cÃ´ng cÃ¡c ""hiá»‡p sÄ©"" diá»…n ra trong thá»i gian ráº¥t nhanh, chá»‰ 13 giÃ¢y. Sau khi gÃ¢y Ã¡n, cáº£ hai táº©u thoÃ¡t khá»i hiá»‡n trÆ°á»ng.
nguá»“n: KÃªnh 14",2018-05-15 13:10:00,"Qua trÃ­ch xuáº¥t camera cho tháº¥y, TÃ i má»¥n Ä‘Ã¢m thÆ°Æ¡ng vong 5 hiá»‡p sÄ© á»Ÿ SÃ i GÃ²n chá»‰ 13 giÃ¢y."
"Vá»¥ viá»‡c xáº£y ra vÃ o khoáº£ng 12h30 táº¡i ngÃ£ 4 Cá»• Nhuáº¿ - Pháº¡m VÄƒn Äá»“ng. Theo thÃ´ng tin cá»§a má»i ngÆ°á»i xung quanh cho biáº¿t: má»™t sá»‘ xe Ä‘i vá»›i tá»‘c Ä‘á»™ cao khi Ä‘áº¿n Ä‘Ã¨n xanh Ä‘Ã¨n Ä‘á» Cá»• Nhuáº¿ - Pháº¡m VÄƒn Äá»“ng khÃ´ng phanh ká»‹p nÃªn dáº«n Ä‘áº¿n dá»“n toa. Vá»¥ viá»‡c khiáº¿n 6 xe Ã´ tÃ´ bá»‹ hÆ° há»ng vÃ  1 ngÆ°á»i Ä‘iá»u khiá»ƒn xe mÃ¡y bá»‹ thÆ°Æ¡ng.

Giao thÃ´ng bá»‹ cáº£n trá»Ÿ nghiÃªm trá»ng theo hÆ°á»›ng Ä‘i cáº§u ThÄƒng Long.

Hiá»‡n cÆ¡ quan chá»©c nÄƒng Ä‘ang tiáº¿n hÃ nh Ä‘iá»u tra, lÃ m rÃµ.

Nguá»“n: 91.com.vn",2018-05-15 13:09:00,Va cháº¡m liÃªn hoÃ n 6 xe Ã´ tÃ´ vÃ  1 xe mÃ¡y trÃªn Ä‘Æ°á»ng Pháº¡m VÄƒn Äá»“ng hÆ°á»›ng Ä‘i cáº§u ThÄƒng Long
"Anh Tráº§n Quá»‘c CÃ´ng sinh nÄƒm 1987, hiá»‡n sá»‘ng vÃ  lÃ m viá»‡c táº¡i HÃ  Ná»™i, cÃ´ng viá»‡c chÃ­nh cá»§a anh lÃ  kinh doanh tá»± do. Tháº¿ nhÆ°ng vá»›i dÃ¡ng váº» bÃªn ngoÃ i mang nhá»¯ng hÃ¬nh xÄƒm thÃ¬ khÃ´ng má»™t ai cÃ³ thá»ƒ hÃ¬nh dung anh sáº½ lÃ m nhá»¯ng viá»‡c tÃ¢m Ä‘á»©c Ä‘áº¿n váº­y.
Anh CÃ´ng chia sáº»: â€œMÃ¬nh Ä‘Ã£ báº¯t Ä‘áº§u cÃ´ng viá»‡c thu, nháº·t nhá»¯ng hÃ i nhi bá»‹ bá» rÆ¡i do náº¡o phÃ¡ thai cÃ¡ch Ä‘Ã¢y 2 nÄƒm. NgÃ y Ä‘áº§u chá»‰ xuáº¥t phÃ¡t tá»« tÃ¢m Ã½ muá»‘n cho nhá»¯ng Ä‘á»©a tráº» Ä‘Æ°á»£c siÃªu thoÃ¡t, Ä‘Æ°á»£c an tÃ¡ng Ä‘Ã ng hoÃ ng. MÃ¬nh cÅ©ng chá»‰ muá»‘n lÃ m Ä‘iá»u gÃ¬ Ä‘Ã³ Ä‘á»ƒ cá»™ng Ä‘á»“ng cÃ³ cÃ¡i nhÃ¬n khÃ¡c Ä‘i vÃ  Ä‘á»ƒ táº¡o phÃºc cho cÃ¡c con mÃ¬nh sau nÃ y. NgÃ y Ä‘áº§u chá»‰ cÃ³ mÃ¬nh vÃ  má»™t hai ngÆ°á»i báº¡n lÃ m nhÆ°ng sau cÅ©ng khÃ¡ nhiá»u báº¡n tráº» tham gia vÃ  mÃ¬nh láº­p thÃ nh nhÃ³m hoáº¡t Ä‘á»™ng tá»« thiá»‡nâ€.
Nhá»¯ng chi phÃ­ Ä‘á»ƒ lÃ m cÃ´ng viá»‡c nÃ y anh CÃ´ng tá»± bá» ra vÃ  cÃ¹ng vá»›i má»™t ngÆ°á»i em cá»§a anh thay nhau lÃ m. CÃ³ nhiá»u ngÆ°á»i cho ráº±ng anh Ä‘iÃªn, gÃ£ khÃ¹ng cho Ä‘áº¿n ngÃ y 2/5/2018 clip anh cháº¡y xe Ä‘á»ƒ cá»©u má»™t sinh linh bÃ© bá»ng vá»«a bá»‹ chÃ­nh máº¹ cá»§a bÃ© bá» rÆ¡i thÃ¬ cáº£ cá»™ng Ä‘á»“ng háº¿t lá»i khen ngá»£i, thÃ¡n phá»¥c hÃ nh Ä‘á»™ng cá»§a anh.
NÃ³i vá» viá»‡c cháº¡y xe cá»©u nhá»¯ng bÃ© sÆ¡ sinh nÃ y anh CÃ´ng cho biáº¿t: â€œ MÃ¬nh cÃ¹ng vÃ i báº¡n tÃ¬nh nguyá»‡n viÃªn trong nhÃ³m, thay nhau lÃ m, viá»‡c kiáº¿m tÃ¬m nhá»¯ng bÃ© bá»‹ bá» vÃ  cÃ²n sá»‘ng thÃ¬ mÃ¬nh khÃ´ng tiá»‡n chia sáº». NhÆ°ng Ä‘á»ƒ lÃ m Ä‘Æ°á»£c viá»‡c nÃ y cÃ³ ráº¥t nhiá»u ngÆ°á»i chung tay khÃ´ng chá»‰ má»™t mÃ¬nh mÃ¬nh. Sau khi tÃ¬m Ä‘Æ°á»£c cÃ¡c bÃ© bá»‹ bá» rÆ¡i nguyÃªn do tá»« nhá»¯ng bÃ  máº¹ náº¡o phÃ¡ táº¡i cÃ¡c phÃ²ng khÃ¡m, mÃ¬nh xem con cÃ²n thá»Ÿ Ä‘Æ°á»£c khÃ´ng, dÃ¹ chá»‰ lÃ  hÆ¡i thá»Ÿ yáº¿u á»›t mÃ¬nh cÅ©ng cá»‘ gáº¯ng Ä‘Æ°a con Ä‘áº¿n bá»‡nh viá»‡n. Hiá»‡n táº¡i, mÃ¬nh cá»©u sá»‘ng Ä‘Æ°á»£c 3 bÃ©, HÆ°Æ¡ng Ly, Äá»©c Thiá»‡nâ€¦ cÃ¡c con Ä‘á»u mang há» Tráº§n cá»§a mÃ¬nhâ€.
    CÃ´ng viá»‡c tháº§m láº·ng cá»§a anh Tráº§n Quá»‘c CÃ´ng khiáº¿n bao ngÆ°á»i tháº¥y tim mÃ¬nh ngháº¹n láº¡i. Pháº£i can Ä‘áº£m vÃ  lÃ  má»™t ngÆ°á»i cÃ³ trÃ¡i tim nhÃ¢n háº­u nhÆ° anh CÃ´ng má»›i cÃ³ thá»ƒ lÃ m Ä‘Æ°á»£c viá»‡c nÃ y, tÃ´i nghÄ© váº­y khi Ä‘Æ°á»£c trá»±c tiáº¿p nhÃ¬n anh tá»· má»‰ gá»¡ tá»«ng bá»c nilon bao bá»c nhá»¯ng hÃ i nhi khÃ´ng cÃ²n lÃ nh láº·n láº«n trong mÃ¡u vÃ  táº¯m cho cÃ¡c bÃ©.
       Há»i anh vá» gia Ä‘Ã¬nh cÃ³ pháº£n á»©ng ra sao khi biáº¿t anh lÃ m viá»‡c nÃ y, anh CÃ´ng tráº§m láº·ng má»™t há»“i, rá»“i tÃ¢m sá»±: â€œMay máº¯n vá»›i tÃ´i, lÃ  sá»± quan tÃ¢m, chÄƒm sÃ³c, chia sáº» tá»« vá»£ vÃ  cÃ¡c con tÃ´i. NgÃ y Ä‘áº§u vá»£ tÃ´i  buá»“n, vÃ¬ má»—i láº§n táº¯m, chuáº©n bá»‹ khÃ¢m niá»‡m, an tÃ¡ng cho cÃ¡c bÃ© hÆ¡i láº¡nh tÃ´i  khÃ´ng thá»ƒ vá» nhÃ . Trong lÃºc Ä‘Ã³, vá»£ chá» chá»“ng, con mong cha, cÃ³ ai láº¡i muá»‘n chá»“ng mÃ¬nh Ä‘i sá»›m khuya nhÆ° váº­y Ä‘Ã¢u. CÃ¡i hÆ¡i láº¡nh tá»­ thi dÃ¹ Ä‘á»‘t vÃ­a cÅ©ng khÃ´ng háº¿t ná»•i, nÃªn má»—i láº§n nhÆ° váº­y tÃ´i láº¡i chá» Ä‘áº¿n sÃ¡ng hÃ´m sau má»›i vá» nhÃ . Sau trÃ¡ch mÃ³c, tÃ´i biáº¿t vá»£ mÃ¬nh váº«n luÃ´n á»§ng há»™ vÃ  yÃªu mÃ¬nhâ€.
  Con sá»‘ vá» nhá»¯ng hÃ i nhi Ä‘Æ°á»£c anh CÃ´ng an tÃ¡ng lÃ  quÃ¡ nhiá»u Ä‘á»ƒ cÃ³ thá»ƒ thá»‘ng kÃª. Náº¿u chÃºng ta tÃ¬m hiá»ƒu vá» nhá»¯ng con sá»‘ vá» viá»‡c náº¡o phÃ¡ thai sáº½ pháº£i rÃ¹ng mÃ¬nh, theo bÃ¡o cÃ¡o cá»§a Vá»¥ Sá»©c khá»e bÃ  máº¹ vÃ  tráº» em, Bá»™ Y táº¿, má»—i nÄƒm Viá»‡t Nam cÃ³ 250.000-300.000 ca náº¡o phÃ¡ thai (nhÆ° nÄƒm 2016 lÃ  trÃªn 260.000 ca), tuy nhiÃªn Ä‘Ã¢y chá»‰ lÃ  con sá»‘ Ä‘Æ°á»£c bÃ¡o cÃ¡o, cÃ²n thá»±c táº¿ chÆ°a thá»ƒ thá»‘ng kÃª Ä‘Æ°á»£c. Tá»• chá»©c Y táº¿ tháº¿ giá»›i xáº¿p Viá»‡t Nam vÃ o danh sÃ¡ch nhá»¯ng nÆ°á»›c cÃ³ tá»‰ lá»‡ náº¡o phÃ¡ thai cao nháº¥t tháº¿ giá»›i vÃ  lÃ  nÆ°á»›c cÃ³ tá»‰ lá»‡ náº¡o phÃ¡ thai cao nháº¥t chÃ¢u Ã.
    Qua thÃ´ng tin vá» nhá»¯ng con sá»‘ ká»ƒ trÃªn vÃ  Ä‘áº·c biá»‡t lÃ  cÃ¢u chuyá»‡n vá» hÃ nh Ä‘á»™ng cao Ä‘áº¹p cá»§a anh Tráº§n Quá»‘c CÃ´ng, chÃºng ta sáº½ cÃ³ nhá»¯ng Ä‘iá»u Ä‘Ã¡ng Ä‘á»ƒ ngáº«m. ÄÃ¢y cÅ©ng chÃ­nh lÃ  má»™t tiáº¿ng chuÃ´ng cáº£nh tá»‰nh cho giá»›i tráº» cáº§n pháº£i Ã½ thá»©c hÆ¡n vá» viá»‡c quan há»‡ tÃ¬nh dá»¥c, viá»‡c tuyÃªn truyá»n vá» sá»©c khoáº» sinh sáº£n cÅ©ng cáº§n Ä‘Æ°á»£c nÃ¢ng cao hÆ¡n ná»¯a. Äá»ƒ tá»« Ä‘Ã³, Æ°á»›c mong â€œHi vá»ng nhá»¯ng gÃ¬ mÃ¬nh lÃ m Ä‘á»ƒ má»i ngÆ°á»i nhÃ¬n khÃ¡c Ä‘i vÃ  ngáº«m láº¡i nhá»¯ng Ä‘iá»u Ä‘Ã£ lÃ m. MÃ¬nh tin tá»« bÃ¢y giá» trá»Ÿ Ä‘i sáº½ cÃ³ nhiá»u ngÆ°á»i khÃ´ng muá»‘n bá» Ä‘i giá»t mÃ¡u cá»§a mÃ¬nh ná»¯aâ€ cá»§a ngÆ°á»i Ä‘Ã n Ã´ng xÄƒm trá»• cÃ³ táº¥m lÃ²ng thÃ¡nh thiá»‡n sáº½ Ä‘Æ°á»£c thá»±c hiá»‡n.
 p/s : ÄÃºng lÃ  Háº­u quáº£ cuá»™c sá»‘ng buÃ´ng tháº£ cá»§a giá»›i tráº» Ä‘Ã£ háº¡i biáº¿t bao sinh linh bÃ© bá»ng cÃ²n chÆ°a ká»‹p chÃ o Ä‘á»i. haizzzz
Nguá»“n: KÃ½ Sá»± ÄÆ°á»ng Phá»‘ ",2018-05-15 11:36:00,NgÆ°á»i Ä‘Ã n Ã´ng xÄƒm trá»• cÃ¹ng nhiá»u hÃ i nhi bá»‹ ruá»“ng bá» !!!
"CA.TPHCM Ä‘Ã£ báº¯t Ä‘Æ°á»£c 2 tÃªn cÆ°á»›p, lÃ  hung thá»§ trong vá»¥ Ä‘Ã¢m cháº¿t 2 hiá»‡p sÄ© vÃ  lÃ m bá»‹ thÆ°Æ¡ng 3 hiá»‡p sÄ© khÃ¡c hÃ´m 13/5.
Nguyá»…n HoÃ ng ChÃ¢u PhÃº vÃ  Nguyá»…n Táº¥n TÃ i (TÃ i má»¥n) Ä‘á»u 24 tuá»•i, ngá»¥ táº¡i TP.HCM.

Hiá»‡n váº«n cÃ²n 2 Ä‘á»‘i tÆ°á»£ng ná»¯a, cÆ¡ quan cÃ´ng an Ä‘ang tÃ­ch cá»±c Ä‘iá»u tra vÃ  vÃ¢y báº¯t nhÆ°ng cháº¯c cÅ©ng khÃ´ng lÃ¢u ná»¯a Ä‘Ã¢u (y)

táº¡i cÆ¡ quan Ä‘iá»u tra TÃ i thá»«a nháº­n, khoáº£ng 18h ngÃ y 13/5,  anh ta vÃ  PhÃº rá»§ nhau cháº¡y xe Ä‘i tÃ¬m ""con má»“i"" Ä‘á»ƒ trá»™m cÆ°á»›p, cÃ³ mang theo hung khÃ­.
Äáº¿n Ä‘Æ°á»ng CÃ¡ch Máº¡ng ThÃ¡ng 8 (quáº­n 3), bá»™ Ä‘Ã´i phÃ¡t hiá»‡n xe SH trÆ°á»›c má»™t cÄƒn nhÃ , PhÃº dá»«ng xe Ä‘á»ƒ TÃ i xuá»‘ng trá»™m.
LÃºc nÃ y Ä‘á»™i ""hiá»‡p sÄ©"" TÃ¢n BÃ¬nh vÃ¢y báº¯t nÃªn TÃ i rÃºt dao táº¥n cÃ´ng cÃ¡c hiá»‡p sÄ©. Sau Ä‘Ã³, PhÃº chá»Ÿ TÃ i cháº¡y theo hÆ°á»›ng ngÃ£ sÃ¡u VÃ²ng xoay DÃ¢n Ch.á»§ (quáº­n 3).
Sau khi PhÃº bá»‹ báº¯t , TÃ i láº©n trá»‘n nhiá»u nÆ¡i vÃ  bá»‹ CÃ´ng an TP.HCM báº¯t trÃªn Ä‘Æ°á»ng Pháº¡m VÄƒn ChiÃªu, phÆ°á»ng 9, quáº­n GÃ² Váº¥p.

#beatvn #hongbien #hiepsiduongpho

Theo : Thá»i Äáº¡i",2018-05-15 10:38:00,ChÃ¢n dung 2 nghi can cáº§m Ä‘áº§u trong vá»¥ Ä‘Ã¢m 5 Hiá»‡p SÄ© thÆ°Æ¡ng vong Ä‘Ã£ bá»‹ báº¯t Ä‘Ãªm qua !!!
"Ã”ng Nguyá»…n VÄƒn Ra, má»™t hiá»‡p sÄ© á»Ÿ Thá»§ Äá»©c, ngÆ°á»i cÃ³ thÃ nh tÃ­ch cáº£ trÄƒm vá»¥ báº¯t trá»™m cÆ°á»›p, tá»«ng bá»‹ thÆ°Æ¡ng tháº­p tá»­ nháº¥t sinh Ä‘á»©ng láº·ng láº½ cáº¡nh Trung tÃ¢m phÃ¡p y nhÆ°á»›ng máº¯t nhÃ¬n vÃ o bÃªn trong. 
 XÃºc Ä‘á»™ng nháº¥t cÃ³ thá»ƒ lÃ  hÃ¬nh áº£nh hiá»‡p sÄ© TrÆ°Æ¡ng VÄƒn HoÃ ng (trÆ°á»Ÿng nhÃ³m hiá»‡p sÄ© quáº­n TÃ¢n BÃ¬nh). Bá»‹ thÆ°Æ¡ng tháº­p tá»­ nháº¥t sinh, nhiá»u Ä‘oÃ n Ä‘áº¿n thÄƒm há»i, anh HoÃ ng chá»‰ tráº£ lá»i Ãº á»› má»‡t má»i nhÆ°ng cuá»‘i buá»•i trÃ² chuyá»‡n, anh HoÃ ng váº«n chá»‘t láº¡i cÃ¢u nÃ³i â€œLÃ nh bá»‡nh tiáº¿p tá»¥c Ä‘i báº¯t cÆ°á»›pâ€ khiáº¿n má»i ngÆ°á»i chá»©ng kiáº¿n rÆ¡i nÆ°á»›c máº¯t. 
 Anh ghÃ©t cay ghÃ©t Ä‘áº¯ng nhá»¯ng Ä‘á»‘i tÆ°á»£ng vÃ´ cÃ´ng rá»—i nghá», Äƒn chÆ¡i lÃªu lá»ng, lÆ°á»i lao Ä‘á»™ng vÃ  chá»‰ nghÄ© Ä‘áº¿n chuyá»‡n trá»™m cÆ°á»›p. NhÃ¬n nhá»¯ng náº¡n nhÃ¢n bá»‹ cÆ°á»›p nháº­n láº¡i tÃ i sáº£n khiáº¿n anh HoÃ ng nhÆ° Ä‘Æ°á»£c sÆ°á»Ÿi áº¥m vÃ  mong muá»‘n cÃ²n sá»©c lÃ  cÃ²n tiáº¿p tá»¥c báº¯t cÆ°á»›p.
   HÆ¡n 20 nÄƒm lÃ m â€œLá»¥c VÄƒn TiÃªnâ€ tháº¥y cáº£nh báº¥t bÃ¬nh cháº³ng tha, nhiá»u láº§n bá»‹ thÆ°Æ¡ng, nháº­n nhiá»u giáº¥y khen cÃ¡c cáº¥p vá» hÃ nh Ä‘á»™ng dÅ©ng cáº£m trÃªn 500 láº§n cÃ¹ng anh em trong nhÃ³m báº¯t trá»™m cÆ°á»›p, nhiá»u láº§n bá»‹ hÄƒm dá»a, tráº£ thÃ¹ nhÆ°ng cháº³ng ai biáº¿t anh HoÃ ng cÃ³ cuá»™c sá»‘ng khÃ¡ cÆ¡ cá»±c. 
     Náº±m trÃªn giÆ°á»ng bá»‡nh â€œhiá»‡p sÄ©â€ Äinh PhÃº QuÃ½ vÃ  Nguyá»…n Äá»©c Huy khÃ¡ Ä‘au Ä‘á»›n vÃ¬ váº¿t thÆ°Æ¡ng hÃ nh. Trao Ä‘á»•i vá»›i phÃ³ng viÃªn, anh Huy cho biáº¿t tá»‘i qua anh khÃ´ng tham gia cÃ¹ng Ä‘á»™i â€œhiá»‡p sÄ©â€ TÃ¢n BÃ¬nh theo dÃµi bÄƒng trá»™m nÃ y nhÆ°ng khi Ä‘i ngang qua Ä‘Æ°á»ng CÃ¡ch Máº¡ng ThÃ¡ng TÃ¡m tháº¥y anh em trong nhÃ³m Ä‘ang báº¯t trá»™m nÃªn dá»«ng xe há»— trá»£. Huy khá»‘ng cháº¿ Ä‘Æ°á»£c má»™t Ä‘á»‘i tÆ°á»£ng nhÆ°ng Ä‘á»‘i tÆ°á»£ng vÃ¹ng váº«y vÃ  mÃ³c dao ra Ä‘Ã¢m má»™t nhÃ¡t trÃºng bá»¥ng
      NÆ°á»›c máº¯t cÃ¡c hiá»‡p sÄ© Ä‘Ã£ rÆ¡i, Ä‘Ã³ lÃ  nhá»¯ng giá»t nÆ°á»›c máº¯t cá»§a sá»± tiáº¿c thÆ°Æ¡ng nhá»¯ng ngÆ°á»i cÃ¹ng chung láº½ sá»‘ng chá»© khÃ´ng pháº£i lÃ  nhá»¯ng giá»t nÆ°á»›c máº¯t Ä‘á»›n Ä‘au lo láº¯ng sá»£ sá»‡t trÆ°á»›c cÃ¡i Ã¡c. 
   Nhá»¯ng giá»t nÆ°á»›c máº¯t cá»§a cÃ¡c hiá»‡p sÄ© hÃ´m nay cÅ©ng nhÆ° nhá»¯ng váº¿t thÆ°Æ¡ng cÃ²n háº±n trÃªn ngÆ°á»i cÃ¡c anh váº«n khÃ´ng lÃ m cÃ¡c anh náº£n lÃ²ng khi Ä‘á»‘i diá»‡n vá»›i cÃ¡i Ã¡c, cÃ¡i xáº¥u. Nhá»¯ng táº¥m gÆ°Æ¡ng dÅ©ng cáº£m, nhá»¯ng táº¥m lÃ²ng hÃ o hiá»‡p sáºµn sÃ ng Ä‘á»‘i diá»‡n, khÃ´ng chÃ¹n bÆ°á»›c trÆ°á»›c cÃ¡i Ã¡c cá»§a cÃ¡c anh Ä‘Ã¡ng Ä‘Æ°á»£c ghi nháº­n.
   Há» lÃ  nhÆ° váº­y, nhá»¯ng ngÆ°á»i cÃ´ng dÃ¢n bÃ¬nh thÆ°á»ng nhÆ° má»i cÃ´ng dÃ¢n khÃ¡c, chá»‰ cÃ³ cÃ¡i khÃ¡c lÃ  há» ghÃ©t cÃ¡i xáº¥u vÃ  hÃ nh Ä‘á»™ng Ä‘á»ƒ ngÄƒn cháº·n loáº¡i bá» nhá»¯ng cÃ¡i Ã¡c, cÃ¡i xáº¥u
nguá»“n : Minh Äá»©c (áº£nh)/ CÃ´ng an nhÃ¢n dÃ¢n.",2018-05-15 05:10:00,"NÆ°á»›c máº¯t cÃ¡c hiá»‡p sÄ© Ä‘Ã£ rÆ¡i trÆ°á»›c sá»± ra Ä‘i cá»§a Ä‘á»“ng Ä‘á»™i, nhÆ°ng cÃ¡c anh váº«n khÃ´ng bao giá» náº£n lÃ²ng khi Ä‘á»‘i diá»‡n vá»›i cÃ¡i Ã¡c, cÃ¡i xáº¥u."
"DÃ¢n chÆ¡i vá»«a cong disss Ä‘áº¡p xe má»“m thÃ¬ ve ve bÃº bÃ³ng
Cháº¥t vcccc",2018-05-15 04:59:00,GÃ³c Xe Ä‘áº¡p teen
"Váº«n pháº£i chá» thÃ´ng tin tá»« cÆ¡ quan chá»©c nÄƒng, bÃ¡o chÃ­ chÃ­nh thá»‘ng cÆ¡ mÃ  cÃ³ Ã­t áº£nh vÃ  clip nháº·t trÃªn facebook chia sáº» cho anh em.

Kháº£ nÄƒng cao lÃ  báº¯t Ä‘Æ°á»£c rá»“i. Coi nhÆ° Ä‘Ãªm nay Ä‘i ngá»§ tháº¥y an tÃ¢m hÆ¡n rá»“i. CÃ¡c anh nÆ¡i suá»‘i vÃ ng cÃ³ thá»ƒ yÃªn nghá»‰ rá»“i, káº» Ã¡c sáº½ sá»›m bá»‹ trá»«ng trá»‹ thÃ­ch Ä‘Ã¡ng!!!!",2018-05-15 00:05:00,FULL áº¢NH CLIP Báº®T NHÃ“M CÆ¯á»šP ÄÃ‚M 6 HIá»†P Sá»¸ THÆ¯Æ NG VONG TRá»N Táº I QUáº¬N GÃ’ Váº¤P
"CÃ¡ch Ä‘Ã¢y Ã­t phÃºt, táº¡i group cá»§a há»™i nhÃ³m hiá»‡p sá»¹ Ä‘Æ°á»ng phá»‘, sÄƒn báº¯t cÆ°á»›p tp.HCM. 1 member cÃ³ Ä‘Äƒng táº£i dÃ²ng tráº¡ng thÃ¡i kÃ¨m áº£nh vá»›i ná»™i dung thÃ´ng bÃ¡o Ä‘Ã£ báº¯t Ä‘Æ°á»£c nhá»¯ng hung thá»§ gÃ¢y ra vá»¥ trá»ng Ã¡n Ä‘Ãªm qua khiáº¿n 6 hiá»‡p sá»¹ Ä‘Æ°á»ng phá»‘ thÆ°Æ¡ng vong.

Theo nhÆ° dÃ²ng tráº¡ng thÃ¡i chia sáº». ChÃºng trá»‘n cÃ¹ng nhau táº¡i 1 cÄƒn nhÃ  thuá»™c quáº­n GÃ² Váº¥p.

Sau khi vÃ o nhÃ  khÃ¡m xÃ©t, phÃ¡t hiá»‡n chiáº¿c xe Ex cÃ¹ng nhiá»u tang váº­t cÃ³ liÃªn quan Ä‘áº¿n vá»¥ Ã¡n.

Hiá»‡n chÆ°a cÃ³ thÃ´ng tin xÃ¡c thá»±c tá»« cÆ¡ quan chá»©c nÄƒng. NhÆ°ng náº¿u Ä‘Ãºng nhÆ° váº­y thÃ¬ Ä‘Ã¢y lÃ  1 tin má»«ng vÃ¬ Ä‘á»ƒ bá»n Ä‘áº§u trá»™m Ä‘uÃ´i cÆ°á»›p, giáº¿t ngÆ°á»i khÃ´ng ghÃª tay nhÆ° nÃ y lá»Ÿn vá»Ÿn ngoÃ i vÃ²ng phÃ¡p luáº­t ngÃ y nÃ o lÃ  nguy hiá»ƒm ngÃ y Ä‘Ã³.

#hongbien #biencang #hiepsyduongpho #sanbatcuop",2018-05-14 23:29:00,NÃ“NG : ÄÃ£ báº¯t Ä‘Æ°á»£c nhÃ³m cÆ°á»›p Ä‘Ã¢m 6 Hiá»‡p Sá»¹ thÆ°Æ¡ng vong cÃ¹ng tang váº­t vÃ  xe Ex ?!?
"Máº·t mÅ©i khÃ´ng Ä‘áº¿n ná»—i nÃ o váº­y lÃ  lÆ°Æ¡ng tÃ¢m chÃ³ tha. LÃºc cáº§m tiá»n thÃ¬ nhanh nhÆ° chÃ³ Ä‘á»›p c**t váº­y mÃ  Ä‘áº¿n lÃºc Ä‘Ã²i láº¡i giá»Ÿ trÃ² thá» non, kháº¥t láº§n háº¿t ngÃ y nÃ y qua ngÃ y khÃ¡c, thÃ¡ng nÃ y qua thÃ¡ng khÃ¡c, tá»« lá»‹ch Ã¢m sang lá»‹ch dÆ°Æ¡ng, tá»« nÄƒm cÅ© sang nÄƒm má»›i, Ä‘áº¿n háº¹n láº¡i kháº¥t, má»—i thÃ¡ng kháº¥t 2 láº§n, 15/1/2018- 15/5/2018. Äáº¿n nhÃ  Ä‘á»ƒ nÃ³i chuyá»‡n thÃ¬ ko gáº·p, háº¹n gáº·p cÅ©ng ko Ä‘c, nhÆ°ng kÃ¬ diá»‡u lÃ  chá»‹ áº¥y váº«n bÃ¬nh tháº£n nghe Ä‘t, nháº¯n tin tráº£ lá»i nhÆ° ko cÃ³ j xáº£y ra. CÃ ng nhÃ¢n Ä‘áº¡o láº¡i cÃ ng bá»‹ láº¥n tá»›i! Äá»“ng tiá»n xÆ°Æ¡ng mÃ¡u, miáº¿ng cÆ¡m manh Ã¡o cá»§a ngta váº­y mÃ  chá»‹ dÃ¹ng nhÆ° cá»§a mÃ¬nh! Náº¿u trÃªn Ä‘á»i nÃ y cÃ³ nghá» tiÃªu tiá»n há»™ ng khÃ¡c giá»‘ng nhÆ° chá»‹ Ä‘ang lÃ m thÃ¬ cÃ³ láº½ váº¡n váº­t thÃ¡i bÃ¬nh! á»¨c cháº¿ má»™t Ä‘iá»u lÃ  tiá»n cá»§a mÃ¬nh nhÆ°ng Ä‘i Ä‘Ã²i láº¡i Ä‘Ãºng kiá»ƒu van xin quá»³ láº¡y nÄƒn ná»‰!",2018-05-14 21:58:00,"Nhá» ace trÃªn toÃ n quá»‘c, há» hÃ ng gáº§n xa, bÃ  con khá»‘i phá»‘ tÃ¬m giÃºp tá»› con máº¹ chÃºa chá»•m nÃ y!"
"Khoáº£ng 7 giá» 30 ngÃ y 14.5, trÃªn QL20, Ä‘oáº¡n qua xÃ£ Hiá»‡p Tháº¡nh, H.Äá»©c Trá»ng (LÃ¢m Äá»“ng) Ä‘Ã£ xáº£y ra vá»¥ tai náº¡n giao thÃ´ng nghiÃªm trá»ng khiáº¿n Ã­t nháº¥t 6 ngÆ°á»i tá»­ vong táº¡i chá»—.
ThÃ´ng tin ban Ä‘áº§u, vÃ o thá»i Ä‘iá»ƒm trÃªn, xe táº£i BS 49C â€“ 150.90 (chÆ°a rÃµ ngÆ°á»i Ä‘iá»u khiá»ƒn) chá»Ÿ phÃ¢n bÃ³n Ä‘ang lÆ°u thÃ´ng trÃªn QL 20, hÆ°á»›ng xÃ£ Hiá»‡p An Ä‘i trung tÃ¢m H.Äá»©c Trá»ng, thÃ¬ báº¥t ngá» máº¥t lÃ¡i, tÃ´ng cháº¿t 2 ngÆ°á»i Ä‘i Ä‘Æ°á»ng (chÆ°a rÃµ tÃªn, tuá»•i, Ä‘á»‹a chá»‰) táº¡i xÃ£ thÃ´n Quáº£ng Hiá»‡p (xÃ£ Hiá»‡p Tháº¡nh).
Sau Ä‘Ã³ xe táº£i lao vÃ o má»™t nhÃ  dÃ¢n ven Ä‘Æ°á»ng, láº­t ngang. TÃ i xáº¿ tá»­ vong trong cabin.
Nháº­n tin bÃ¡o, CÃ´ng an H.Äá»©c Trá»ng Ä‘Ã£ nhanh chÃ³ng Ä‘áº¿n hiá»‡n trÆ°á»ng Ä‘á»ƒ xá»­ lÃ½ vá»¥ viá»‡c. CÅ©ng theo thÃ´ng tin ban Ä‘áº§u, nhiá»u kháº£ nÄƒng cÃ²n cÃ³ thÃªm náº¡n nhÃ¢n tá»­ vong trong cÄƒn nhÃ  bá»‹ tÃ´ng sáº­p. Äáº¿n 9 giá» ngÃ y 14.5, cÃ´ng tÃ¡c cá»©u há»™, cá»©u náº¡n váº«n Ä‘ang diá»…n ra.
nguá»“n: KÃ½ sá»± Ä‘Æ°á»ng phá»‘ ",2018-05-14 10:40:00,Biáº¿n: Láº­t xe táº£i khiáº¿n nhiá»u NgÆ°á»i Ch..áº¿..t.
"Tá»‘i ngÃ y 12-5 trÃªn Ä‘Æ°á»ng tÃ´i Ä‘i tá»« Ã” chá»£ dá»«a vá» PhÆ°Æ¡ng Mai xong vá» TÃ¢n áº¤p NghÄ©a DÅ©ng trá»i mÆ°a to TÃ¢n áº¥p bá»‹ ngáº­p xe oto cá»§a tÃ´i Ä‘Ã£ bá»‹ rÆ¡i máº¥t biá»ƒn trc mang sá»‘ 30E-97.008 
ai nháº·t Ä‘c cho mÃ¬nh xin vÃ  háº­u táº¡
Sá»‘ Ä‘t : 096 2129261",2018-05-14 10:36:00,TÃ¬m Biá»ƒn Sá»‘ Xe
"NgÆ°á»i náº¡n nhÃ¢n trong cÃ¢u chuyá»‡n Ä‘Ãªm qua Ä‘Ã£ lÃªn tiáº¿ng Ä‘Ã­nh chÃ­nh, báº£n thÃ¢n anh PhÆ°Æ¡ng lÃ  phÃ³ng viÃªn bÃªn ANTV, má»i viá»‡c chá»‰ lÃ  sá»± hiá»ƒu láº§m.

Nguá»“n: Sin viá»‡t nguyá»…n",2018-05-14 10:07:00,Sá»± tháº­t vá» lá»i nÃ³i vÃ´ cáº£m cá»§a thanh niÃªn trong vá»¥ 3 hiá»‡p sá»¹ cháº¿t trong lÃºc báº¯t cÆ°á»›p
"NgÃ y 12/5, Quá»¹ DÃ¢n sá»‘ LiÃªn Há»£p Quá»‘c â€“ UNFPA Ä‘Ã£ gá»¡ bá» toÃ n bá»™ nhá»¯ng hÃ¬nh áº£nh liÃªn quan Ä‘áº¿n ca sÄ© Pháº¡m Anh Khoa, sau nhá»¯ng lÃ¹m xÃ¹m vá» scandal quáº¥y rá»‘i tÃ¬nh dá»¥c.

Äáº¡i diá»‡n tá»• chá»©c nÃ y cho biáº¿t: ""Äáº¿n thá»i Ä‘iá»ƒm hiá»‡n táº¡i, phÃ­a UNFPA váº«n chá» káº¿t luáº­n cá»§a cÆ¡ quan Ä‘iá»u tra. Tuy nhiÃªn, chÃºng tÃ´i táº¡m thá»i gá»¡ háº¿t nhá»¯ng hÃ¬nh áº£nh cÃ³ máº·t cá»§a ca sÄ© nÃ y trÃªn facebook vÃ  website cá»§a UNFPA. ChÃºng tÃ´i tiáº¿n hÃ nh tá»« tuáº§n trÆ°á»›c, nhÆ°ng vÃ¬ hÃ¬nh áº£nh quÃ¡ nhiá»u, chÃºng tÃ´i khÃ´ng kiá»ƒm soÃ¡t Ä‘Æ°á»£c nÃªn cÃ²n sÃ³tâ€¦â€. ÄÃ¢y Ä‘Æ°á»£c xem lÃ  má»™t pháº£n á»©ng cáº¥p bÃ¡ch vÃ  cáº§n thiáº¿t, bá»Ÿi UNFPA váº«n luÃ´n nÃªu cao sá»© má»‡nh báº£o vá»‡ phá»¥ ná»¯ vÃ  tráº» em trÆ°á»›c váº¥n náº¡n báº¡o hÃ nh, trong Ä‘Ã³ cÃ³ hÃ nh vi quáº¥y rá»‘i vÃ  táº¥n cÃ´ng tÃ¬nh dá»¥c.

Viá»‡c lÃ m cÆ°Æ¡ng quyáº¿t cá»§a UNFPA hoÃ n toÃ n cÃ³ thá»ƒ hiá»ƒu Ä‘Æ°á»£c. Bá»Ÿi láº½, tá»« cuá»‘i thÃ¡ng 4 nÄƒm ngoÃ¡i, ca xi Pháº¡m Anh Khoa Ä‘Ã£ bá»‹ vÅ© cÃ´ng Pháº¡m Lá»‹ch tá»‘ cÃ¡o cÃ³ nhá»¯ng lá»i nÃ³i khiáº¿m nhÃ£ vÃ  nhá»¯ng Ä‘á»™ng thÃ¡i quáº¥y rá»‘i tÃ¬nh dá»¥c vá»›i cÃ´ khi hai ngÆ°á»i Ä‘ang trong má»‘i quan há»‡ huáº¥n luyá»‡n viÃªn vÃ  thÃ­ sinh cá»§a chÆ°Æ¡ng trÃ¬nh truyá»n hÃ¬nh tÆ°Æ¡ng tÃ¡c â€œTrá»i sinh má»™t cáº·pâ€ trÃªn sÃ³ng VTV3.

Láº½ ra, ráº¯c rá»‘i áº¥y pháº£i Ä‘Æ°á»£c giáº£i tá»a má»™t cÃ¡ch nháº¹ nhÃ ng vÃ  vÄƒn minh, nhÆ°ng ca sÄ© Pháº¡m Anh Khoa láº¡i cÃ³ thÃ¡i Ä‘á»™ Ä‘e dá»a vÅ© cÃ´ng Pháº¡m Lá»‹ch, khiáº¿n vÅ© cÃ´ng Nga My tiáº¿p tá»¥c lÃªn tiáº¿ng kháº³ng Ä‘á»‹nh mÃ¬nh cÅ©ng lÃ  náº¡n nhÃ¢n quáº¥y rá»‘i tÃ¬nh dá»¥c cá»§a ca sÄ© Pháº¡m Anh Khoa. ChÆ°a háº¿t, má»™t cÃ´ gÃ¡i ngoÃ i showbiz cÅ©ng khÃ´ng ngáº§n ngáº¡i tá»‘ cÃ¡o thÃªm hÃ nh vi â€œkhÃ³ hiá»ƒuâ€ cá»§a ca sÄ© Pháº¡m Anh Khoa khi gáº·p gá»¡ ná»¯ khÃ¡n giáº£ hÃ¢m má»™.

LÃ  má»™t ca sÄ© chuyÃªn hÃ¡t nháº¡c rock khÃ¡ ná»•i tiáº¿ng, láº¡i tham gia lÃ m MC vÃ  Ä‘Ã³ng phim, Pháº¡m Anh Khoa cÅ©ng Ä‘Æ°á»£c xáº¿p vÃ o danh sÃ¡ch nhá»¯ng nghá»‡ sÄ© cÃ³ áº£nh hÆ°á»Ÿng táº¡i Viá»‡t Nam. VÃ¬ váº­y, UNFPA Ä‘Ã£ ráº¥t trÃ¢n trá»ng má»i ca sÄ© Pháº¡m Anh Khoa lÃ m Äáº¡i sá»© hÃ¬nh áº£nh vá» phÃ²ng chá»‘ng báº¡o lá»±c vá»›i phá»¥ ná»¯ vÃ  tráº» em gÃ¡i, liÃªn tá»¥c trong hai nÄƒm 2013 vÃ  2014. VÃ o thÃ¡ng 7/2017, nhÃ¢n ká»· niá»‡m quan há»‡ 40 nÄƒm giá»¯a UNFPA vÃ  Viá»‡t Nam, ca sÄ© Pháº¡m Anh Khoa tiáº¿p tá»¥c Ä‘Æ°á»£c UNFPA má»i lÃ m Äáº¡i sá»© hÃ¬nh áº£nh, cÃ¹ng vá»›i Hoa háº­u Äá»— Má»¹ Linh, diá»…n viÃªn Chiá»u XuÃ¢nâ€¦

Bá»‹ tá»‘ cÃ¡o quáº¥y rá»‘i tÃ¬nh dá»¥c nhÆ°ng ca sÄ© Pháº¡m Anh Khoa khÃ´ng Ä‘Æ°a ra Ä‘Æ°á»£c má»™t lá»i giáº£i thÃ­ch nÃ o há»£p lÃ½ vÃ  thuyáº¿t phá»¥c cho Ä‘á»“ng nghiá»‡p cÅ©ng nhÆ° cÃ´ng chÃºng, thÃ¬ UNFPA khÃ´ng thá»ƒ nÃ o khÃ´ng cÃ³ biá»‡n phÃ¡p xá»­ lÃ½ khá»§ng hoáº£ng truyá»n thÃ´ng.

Sau khi ca sÄ© Pháº¡m Anh Khoa bá»‹ gá»¡ háº¿t hÃ¬nh áº£nh trÃªn website vÃ  facebook cá»§a UNFPA, ngÆ°á»i quáº£n lÃ½ cá»§a anh ta má»›i hÃ© lá»™ phÆ°Æ¡ng phÃ¡p Ä‘á»‘i phÃ³: ""Vá»›i nhá»¯ng chuyá»‡n vá» Pháº¡m Anh Khoa Ä‘ang lÃ¹m xÃ¹m máº¥y ngÃ y nay, hy vá»ng má»i ngÆ°á»i sáº½ chá»‹u khÃ³ chá» thÃªm. PhÃ­a Pháº¡m Anh Khoa vÃ  ekip sáº½ Ä‘Æ°a ra pháº£n há»“i chÃ­nh thá»©c!â€.

Nguá»“n: Bamoi    T.H",2018-05-14 09:20:00,Ca sÄ© Pháº¡m Anh Khoa bá»‹ gá»¡ bá» toÃ n bá»™ hÃ¬nh áº£nh Ä‘áº¡i sá»©
"NÃ³i tháº­t vá»›i cÃ¡c Ã´ng chá»© bia rÆ°á»£u tÃ´i cÃ³ thá»ƒ uá»‘ng thÃ¹ng uá»‘ng váº¡i Ä‘Æ°á»£c. chá»© sá»¯a bÃ  Ä‘áº» thÃ¬ tÃ´i chá»‹u cmn luÃ´n, ngáº¥y vlin Ã½ hihi",2018-05-14 07:14:00,"Cuá»™c thi uá»‘ng sá»¯a BÃ  Äáº», bia rÆ°á»£u cÃ²n cÃ³ thá»ƒ uá»‘ng chá»© sá»¯a bÃ  báº§u ngáº¥y vlin"
"khoáº£ng má»™t giá» trÆ°á»›c dÆ°á»›i má»™t con mÆ°a nháº¹ cá»§a hÃ  ná»™i. vÃ  táº¡i má»™t con phá»‘ ná» Ä‘Ã£ cÃ³ cuá»™c áº©u Ä‘áº£ giá»¯a má»™t nhÃ³m thanh niÃªn. xong ngÃ³ Ä‘i ngÃ³ láº¡i tháº¥y Ä‘iáº¿u toÃ n bay vÃ o Ä‘áº§u.
 cÃ¡i káº¿t cho cuá»™c sÃ´ lÃ´ dÆ°á»›i mÆ°a nháº¹ hÃ  ná»™i Ä‘Ãªm nay Ä‘áº¥y lÃ  má»™t thanh niÃªn Ã¡o há»“ng Ä‘Ã£ náº±m im re.....
nguá»“n: LÃª TÃº Vi",2018-05-13 22:53:00,VÃ¡c Ä‘iáº¿u cÃ y phang nhau tÃºi bá»¥i giá»¯a trá»i mÆ°a trÃªn phá»‘ Ä‘i bá»™ Há»“ GÆ°Æ¡m HÃ  Ná»™i.
"CÃ¡ch Ä‘Ã¢y Ã­t phÃºt á»Ÿ Ä‘Æ°á»ng CÃ¡ch máº¡ng thÃ¡ng 8 - SÃ i GÃ²n. 2 hiá»‡p sÄ© á»Ÿ Ä‘á»™i  SÄƒn báº¯t cá»›p TÃ¢n BÃ¬nh truy Ä‘uá»•i bá»‘n tÃªn trá»™m xe SH thÃ¬ báº¥t ngá» 4 tÃªn nÃ y cáº§m dao quay láº¡i Ä‘Ã¢m tráº£. Khiáº¿n 2 ngÆ°á»i tá»­ vong tai chá»— vÃ  4 ngÆ°á»i  bá»‹ thÆ°Æ¡ng vÃ  1 ngÆ°á»i dÃ¢n thiá»‡t máº¡ng 
Äang cáº­p nháº­t.....
nguá»“n. Tháº¿ hÃ¹ng - thÃ­ch xuÃ¢n thinh- zing...
# bien#thuong#tam",2018-05-13 22:31:00,HIá»†P SÄ¨ ÄÆ¯á»œNG PHá» TRUY Báº®T Káºº CÆ¯á»šP XE SH Bá»Š TÃŠN CÆ¯á»šP QUAY Láº I ÄÃ‚M C.Háº¾T Táº I CHá»–
"GÆ°Ì‰i con gaÌi cuÌ‰a meÌ£!
HÃ´m nay, laÌ€ mÃ´Ì£t ngaÌ€y Ä‘ÄƒÌ£c biÃªÌ£t, 25 tuÃ´Ì‰i meÌ£ bÄƒÌ€ng loÌ€ng cho con Ä‘Æ°Æ¡Ì£c bÆ°Æ¡Ìc Ä‘i vaÌ€ rÆ¡Ì€i xa voÌ€ng tay ba meÌ£. KhÃ´ng phaÌ‰i lÃ¢Ìy chÃ´Ì€ng, Æ°Ì€ phaÌ‰i rÃ´Ì€i, chÆ°a 30, chÆ°a vÃ´Ì£i Ä‘Ã¢u con nhiÌ‰. ChiÌ‰ Ä‘Æ¡n giaÌ‰n laÌ€, con gaÌi cuÌ‰a meÌ£ Ä‘aÌƒ sÄƒÌƒn saÌ€ng Ä‘Æ°a baÌ‰n thÃ¢n Ä‘ÃªÌn mÃ´Ì£t nÆ¡i xa xÃ´i vaÌ€ chinh phuÌ£c nhÆ°Ìƒng Æ°Æ¡Ìc mÆ¡ con vÃ¢Ìƒn hÄƒÌ€ng mong moÌ‰i.
Con aÌ£, meÌ£ biÃªÌt, nÃªÌu meÌ£ kiÃªn cÆ°Æ¡Ì€ng vaÌ€ giÆ°Ìƒ con bÃªn caÌ£nh, con cuÌƒng seÌƒ chÄƒÌ‰ng Ä‘aÌ€nh loÌ€ng laÌ€m traÌi, coÌ phaÌ‰i khÃ´ng. NhÆ°ng con Æ¡i, meÌ£ khÃ´ng laÌ€m thÃªÌ Ä‘Æ°Æ¡Ì£c. GiÆ°Ìƒ con bÃªn miÌ€nh, caÌ‰ trong mÆ¡ meÌ£ cuÌƒng luÃ´n muÃ´Ìn thÃªÌ, khÃ´ng Ä‘ÃªÌ‰ con Ä‘i xa vaÌ€ caÌ‰ khi con lÃ¢Ìy chÃ´Ì€ng, meÌ£ cuÌƒng khÃ´ng muÃ´Ìn vÃ¢Ì£y. Con gaÌi meÌ£ maÌ€, dÆ°Ìt ruÃ´Ì£t Ä‘eÌ‰ ra vaÌ€ chÄƒm bÄƒÌƒm bao nhiÃªu, ai thÆ°Æ¡ng con cho bÄƒÌ€ng loÌ€ng meÌ£ Ä‘Æ°Æ¡Ì£c.
Con gaÌi cuÌ‰a meÌ£, Ä‘ÃªÌ‰ con Ä‘i Ä‘ÃªÌn xÆ°Ì ngÆ°Æ¡Ì€i vaÌ€o Ä‘Ã´Ì£ tuÃ´Ì‰i bÃ¢y giÆ¡Ì€, meÌ£ chÃ¢Ìp nhÃ¢Ì£n laÌ€ mÃ´Ì£t ngÆ°Æ¡Ì€i meÌ£ â€ rÃ¢Ìt tÃªÌ£â€ vaÌ€ khÃ´ng biÃªÌt suy nghiÌƒ, meÌ£ chÃ¢Ìp nhÃ¢Ì£n laÌ€ mÃ´Ì£t ngÆ°Æ¡Ì€i meÌ£ chÄƒÌ‰ng biÃªÌt lo cho con Ä‘ÃªÌn haÌ£nh phuÌc sau naÌ€y nhÆ° ngÆ°Æ¡Ì€i ta vÃ¢Ìƒn noÌi.
NhÆ°ng con aÌ€, haÌƒy cÆ°Ì Ä‘i Ä‘i, chiÌ‰ cÃ¢Ì€n con muÃ´Ìn Ä‘i vaÌ€ daÌm Ä‘i thiÌ€ meÌ£ tinâ€¦con Ä‘aÌƒ Ä‘uÌng rÃ´Ì€i Ä‘Ã¢Ìy.
CuÃ´Ì£c Ä‘Æ¡Ì€i ngÄƒÌn lÄƒÌm vaÌ€ tuÃ´Ì‰i treÌ‰ thiÌ€ laÌ£i caÌ€ng ngÄƒÌn hÆ¡n, Ä‘Æ°Ì€ng lÃ¢Ìy chÃ´Ì€ng sÆ¡Ìm vaÌ€ caÌ€ng Ä‘Æ°Ì€ng dang dÆ¡Ì‰ Æ°Æ¡Ìc mÆ¡. NhÃ¢Ìt laÌ€ khi baÌ‰n thÃ¢n con, coÌ€n chÆ°a kiÌ£p traÌ‰i nghiÃªÌ£m nhÆ°Ìƒng thÆ°Ì‰ thaÌch, khoÌ khÄƒn, vÃ¢Ìƒn chÆ°a kiÌ£p Ä‘Æ°Æ¡Ì£c mÃ´Ì£t lÃ¢Ì€n vÃ¢Ìp ngaÌƒ vaÌ€ Ä‘Æ°Ìng lÃªn maÌ£nh meÌƒ hÆ¡n bao giÆ¡Ì€. ChiÌ‰ bÃ¢Ìy nhiÃªu thÃ´i, thiÌ€ laÌ€m sao, meÌ£ yÃªn tÃ¢m Ä‘ÃªÌ‰ cho con cÃ´Ì gÃ´Ì€ng miÌ€nh cheÌ€o laÌi caÌ‰ chuyÃªÌn taÌ€u hÃ´n nhÃ¢n.
MeÌ£ Ä‘aÌƒ tÆ°Ì€ng nghe, tÆ°Ì€ng thÃ¢Ìy vaÌ€ chÆ°Ìng kiÃªÌn rÃ¢Ìt nhiÃªÌ€u, baÌ£n beÌ€ cuÌ‰a con vaÌ€ ngÆ°Æ¡Ì€i thÃ¢n cuÌ‰a meÌ£, cuÌƒng viÌ€ tiÌ€nh yÃªu, viÌ€ â€œÄ‘ÃªÌn tuÃ´Ì‰iâ€ maÌ€ tÆ°Ì£ nguyÃªÌ£n buÃ´Ì£c miÌ€nh vaÌ€o sÆ¡Ì£ dÃ¢y hÃ´n thuÌ, Ä‘ÃªÌ‰ rÃ´Ì€i sau Ä‘oÌ bao nhiÃªu trong hoÌ£ Ä‘Æ°Æ¡Ì£c haÌ£nh phuÌc Ä‘uÌ‰ Ä‘Ã¢Ì€y. Hay Ä‘Ã´Ì‰i laÌ£i chiÌ‰ laÌ€ sÆ°Ì£ ngÃ´Ì£t ngaÌ£t, lÃªÌ£ thuÃ´Ì£c vaÌ€ Ä‘ÄƒÌ£t cÆ°Æ¡Ì£c cuÃ´Ì£c Ä‘Æ¡Ì€i vaÌ€o mÃ´Ì£t ngÆ°Æ¡Ì€i Ä‘aÌ€n Ã´ng?
KhÃ´ng Ä‘Æ°Æ¡Ì£c con Æ¡i, meÌ£ sinh con ra khÃ´ng phaÌ‰i Ä‘ÃªÌ‰ hÆ¡n nhau vÆ¡Ìi thiÃªn haÌ£ Æ¡Ì‰ tÃ¢Ìm chÃ´Ì€ng.
 CuÃ´Ì£c Ä‘Æ¡Ì€i mÃ´Ìƒi ngÆ°Æ¡Ì€i coÌ bao nhiÃªu vaÌ€ bao lÃ¢Ì€n tuÃ´Ì‰i treÌ‰. Mong con haÌ£nh phuÌc, mong con vui veÌ‰â€¦meÌ£ mong. MeÌ£ caÌ€ng mong hÆ¡n, Æ¡Ì‰ caÌi tuÃ´Ì‰i naÌ€y, coÌ chaÌu bÃ´Ì€ng chaÌu bÃªÌ. NhÆ°ng hÆ¡n ai hÃªÌt, meÌ£ chiÌ‰ biÃªÌt rÄƒÌ€ng haÌ£nh phuÌc laÌ€ nhÆ°Ìƒng giÌ€ con muÃ´Ìn chÆ°Ì chÄƒÌ‰ng phaÌ‰i laÌ€ nhÆ°Ìƒng giÌ€ ngÆ°Æ¡Ì€i ta luÃ´n nghiÌƒ.
 ÄÃ´Ì€ng yÌ cho con Ä‘i xa, meÌ£ Ä‘aÌƒ phaÌ‰i Ä‘ÄƒÌn Ä‘o, suy nghiÌƒ vaÌ€ Ä‘Ã¢Ìu tranh tÆ° tÆ°Æ¡Ì‰ng, Ä‘Ã¢Ìu tranh vÆ¡Ìi caÌ‰ chiÌnh baÌ‰n thÃ¢n miÌ€nh cuÌ€ng biÃªÌt bao ngÆ°Æ¡Ì€i khaÌc. ThiÌ€ phaÌ‰i rÃ´Ì€i, 25 tuÃ´Ì‰i, Æ¡Ì‰ quÃª, con biÃªÌt Ä‘Ã¢Ìy, baÌ£n beÌ€ xung quanh Ä‘aÌƒ con bÃ´Ì€ng con bÃªÌ, cÆ°Ì‰a nhaÌ€ vaÌ€ anh chÃ´Ì€ng hoaÌ€n miÌƒ. CoÌ€n con cuÌ‰a meÌ£, chÄƒÌ‰ng lo lÃ¢Ìy chÃ´Ì€ng maÌ€ chiÌ‰ lao miÌ€nh vaÌ€o Äƒn hoÌ£c vaÌ€ tÃ¢Ì£n hÆ°Æ¡Ì‰ng vÃ¢Ì£y thÃ´i. HoÌ£ baÌ‰o con daÌ£i vaÌ€ hoÌ£ baÌ‰o meÌ£ sai, khÃ´ng biÃªÌt giÆ°Ìƒ con Æ¡Ì‰ laÌ£i.
Con biÃªÌt khÃ´ng, mÃ´Ì£t ngÆ°Æ¡Ì€i Ä‘aÌ€n Ã´ng duÌ€ coÌ tuyÃªÌ£t nhÆ° bÃ´Ì con Ä‘i chÄƒng nÆ°Ìƒa, thiÌ€ meÌ£ vÃ¢Ìƒn phaÌ‰i noÌi vÆ¡Ìi con rÄƒÌ€ng, chÄƒÌ‰ng ai yÃªu miÌ€nh nhiÃªÌ€u nhÆ° baÌ‰n thÃ¢n miÌ€nh Ä‘Ã¢u con aÌ£. SÃ´ng coÌ thÃªÌ‰ caÌ£n, nuÌi coÌ thÃªÌ‰ moÌ€n, ai cuÌƒng coÌ thÃªÌ‰ thay Ä‘Ã´Ì‰i vaÌ€ rÆ¡Ì€i Ä‘i duy chiÌ‰ coÌ chiÌnh miÌ€nh laÌ€ khÃ´ng thÃªÌ‰.
ChiÌnh viÌ€ thÃªÌ, laÌ€ con gaÌi, Ä‘Æ°Ì€ng bao giÆ¡Ì€ daÌ£i dÃ´Ì£t maÌ€ tÆ°Ì‰ boÌ‰ Æ°Æ¡Ìc mÆ¡. GiaÌ€u coÌ hay ngheÌ€o heÌ€n, gian khÃ´Ì‰ hay khoÌ khÄƒn, haÌƒy cÆ°Ì phÃ¢Ìn Ä‘Ã¢Ìu vaÌ€ Ä‘Æ°Ìng vÆ°Ìƒng trÃªn Ä‘Ã´i chÃ¢n cuÌ‰a miÌ€nh con aÌ£. ÄÃªÌn luÌc Ã¢Ìy rÃ´Ì€i, coÌ tin tÆ°Æ¡Ì‰ng giao cuÃ´Ì£c Ä‘Æ¡Ì€i cho mÃ´Ì£t nÆ°Ì‰a coÌ€n laÌ£i cuÌƒng chÆ°a muÃ´Ì£n. BÆ¡Ì‰i leÌƒ cuÃ´Ì£c Ä‘Æ¡Ì€i, khi con chÄƒÌ‰ng coÌ giÌ€ trong tay, thiÌ€ thÆ°Ì‰ hoÌ‰i ngÆ°Æ¡Ì€i ta lÃ¢Ìy giÌ€ Ä‘ÃªÌ‰ trÃ¢n troÌ£ng con Ä‘Æ°Æ¡Ì£c. VaÌ€ cuÌƒng chiÌ‰ coÌ nhÆ° vÃ¢Ì£y, nÃªÌu lÆ¡Ìƒ coÌ mÃ´Ì£t ngaÌ€y naÌ€o Ä‘oÌ, khi soÌng gioÌ Ã¢Ì£p Ä‘ÃªÌn thiÌ€ meÌ£ vÃ¢Ìƒn tin con seÌƒ Ä‘uÌ‰ maÌ£nh meÌƒ, Ä‘uÌ‰ kiÃªn cÆ°Æ¡Ì€ng Ä‘ÃªÌ‰ Ä‘Ã´Ì£c lÃ¢Ì£p bÆ°Æ¡Ìc qua.
CuÃ´Ì£c sÃ´Ìng laÌ€ nhÆ° thÃªÌ, chÄƒÌ‰ng ai noÌi trÆ°Æ¡Ìc Ä‘Æ°Æ¡Ì£c Ä‘iÃªÌ€u giÌ€. Ngay caÌ‰ meÌ£ cuÌƒng khÃ´ng thÃªÌ‰ Æ¡Ì‰ bÃªn con suÃ´Ìt caÌ‰ cuÃ´Ì£c Ä‘Æ¡Ì€i. MeÌ£ coÌ thÃªÌ‰ chiÌ£u bao nhiÃªu Ä‘iÃªÌ€u tiÃªÌng nhÆ°ng Ä‘ÃªÌ‰ con lÃ¢Ìy chÃ´Ì€ng sÆ¡Ìm khi con chÆ°a sÄƒÌƒn saÌ€ng thiÌ€ khÃ´ng. SÆ¡Ì£i dÃ¢y hÃ´n nhÃ¢n laÌ€ haÌ£nh phuÌc nhÆ°ng cuÌƒng laÌ€ caÌ‰ traÌch nhiÃªÌ£m vaÌ€ rÄƒÌ€ng buÃ´Ì£c. Con sÄƒÌƒn saÌ€ng chÆ°a. NÃªÌu chÆ° thiÌ€ haÌƒy cÆ°Ì can trÆ°Æ¡Ì€ng, maÌ€i giuÌƒa baÌ‰n thÃ¢n trÆ¡Ì‰ thaÌ€nh viÃªn ngoÌ£c saÌng giÆ°Ìƒa Ä‘aÌ£i dÆ°Æ¡ng tri thÆ°Ìc. HoÌ€a miÌ€nh vaÌ€o thÃªÌ gian rÃ´Ì£ng lÆ¡Ìn vaÌ€ bÆ°Æ¡Ìc Ä‘ÃªÌn nhÆ°Ìƒng nÆ¡i con muÃ´Ìn tÆ¡Ìi, traÌ‰i nghiÃªÌ£m nhÆ°Ìƒng Ä‘iÃªÌ€u con muÃ´Ìn thÆ°Ì‰, Ä‘ÃªÌ‰ maÌ£nh meÌƒ, Ä‘ÃªÌ‰ kiÃªn cÆ°Æ¡Ì€ng Ä‘ÃªÌ‰ triÌ tuÃªÌ£ vaÌ€ trÆ°Æ¡Ì‰ng thaÌ€nh con nheÌ.
KhÃ´ng cÃ¢Ì€n Ä‘Ã¢u con aÌ£, cÃ´Ì gÄƒÌng choÌ£n cho miÌ€nh mÃ´Ì£t con Ä‘Æ°Æ¡Ì€ng maÌ€ ai cuÌƒng cÃ¢Ì€n vaÌ€ coÌ thÃªÌ‰ bÆ°Æ¡Ìc Ä‘i, haÌƒy cÆ°Ì choÌ£n mÃ´Ì£t con Ä‘Æ°Æ¡Ì€ng chÃ´ng gai vaÌ€ vÃ´ vaÌ€n thÆ°Ì‰ thaÌch chiÌ‰ Ä‘ÃªÌ‰ nhÃ¢Ì£n vÃªÌ€ sÆ°Ì£ hoaÌ€n thiÃªÌ£n baÌ‰n thÃ¢n.
Æ¯Æ¡Ìc mÆ¡ cuÌ‰a con, luÃ´n luÃ´n Æ¡Ì‰ phiÌa trÆ°Æ¡Ìc.
CoÌ€n meÌ£, seÌƒ maÌƒi Æ¡Ì‰ phiÌa sau.
ÃŠÌ cuÌƒng chÄƒÌ‰ng sao, nhaÌ€ miÌ€nh khÃ´ng bao giÆ¡Ì€ rÆ¡Ì€i xa con caÌ‰.
ÃŠÌ vÃªÌ€ nhaÌ€ meÌ£ nuÃ´i!
P/s: Máº¹ tui cÅ©ng váº­y nÃ¨, lun báº£o tÃ´i ráº±ng con Ä‘á»«ng bao giá» sá»£ áº¿ mÃ  chá»n Ä‘áº¡i nghe chÆ°a, cÃ³ yÃªu tháº±ng nÃ o thÃ¬ mang vá» tao coi, rá»“i tao gÃ³p Ã½ cho. náº¿u k cÃ³ Ä‘á»©a nÃ o ngÃ³ cÃ´ng viá»‡c khÃ´ng thuáº­n lá»£i thÃ¬ cá»© vá» Ä‘Ã¢y tao nuÃ´i. 
nguá»“n: nhatkytoday",2018-05-13 22:25:00,"áº¾ Vá»€ NHÃ€ Máº¸ NUÃ”I ! . MeÌ£ Ä‘aÌƒ tÆ°Ì€ng nghe, tÆ°Ì€ng thÃ¢Ìy vaÌ€ chÆ°Ìng kiÃªÌn rÃ¢Ìt nhiÃªÌ€u, baÌ£n beÌ€ cuÌ‰a con vaÌ€ ngÆ°Æ¡Ì€i thÃ¢n cuÌ‰a meÌ£, cuÌƒng viÌ€ tiÌ€nh yÃªu, viÌ€ â€œÄ‘ÃªÌn tuÃ´Ì‰iâ€ maÌ€ tÆ°Ì£ nguyÃªÌ£n buÃ´Ì£c miÌ€nh vaÌ€o sÆ¡Ì£ dÃ¢y hÃ´n thuÌ, Ä‘ÃªÌ‰ rÃ´Ì€i sau Ä‘oÌ bao nhiÃªu trong h"
"Cá»¥ thá»ƒ, theo Daily Mail, máº·c dÃ¹ cÃ³ váº» ngoÃ i kiá»u diá»…m, bá»‘c lá»­a, nhÆ°ng 3 cÃ´ gÃ¡i Preeyanuch Nonwangchai, 25 tuá»•i, Kawita Ratchada, 26 tuá»•i vÃ  Apiwan Satayabundit, 28 tuá»•i láº¡i pháº¡m pháº£i tá»™i Ã¡c tÃ y trá»i. 

3 ná»¯ sÃ¡t thá»§ nÃ y Ä‘Ã£ sÃ¡t háº¡i ná»¯ Ä‘á»“ng nghiá»‡p Warissara Klinjui, 23 tuá»•i rá»“i phÃ¢n thi thá»ƒ náº¡n nhÃ¢n thÃ nh nhiá»u pháº§n, nhá»“i vÃ o tÃºi rÃ¡c vÃ  chÃ´n táº¡i má»™t khu vá»±c hoang váº¯ng á»Ÿ Khon Kaen, miá»n Báº¯c ThÃ¡i Lan nÄƒm ngoÃ¡i. 

Báº±ng nghiá»‡p vá»¥, cáº£nh sÃ¡t sau Ä‘Ã³ nhanh chÃ³ng Ä‘iá»u tra ra chÃ¢n tÆ°á»›ng vá»¥ viá»‡c trong khi Ä‘Ã³, cáº£ 3 nghi pháº¡m trá»‘n sang LÃ o vÃ  lÃ m viá»‡c trong cÃ¡c tiá»‡m mÃ¡t-xa.

Tuy nhiÃªn, cáº£ 3 Ä‘Ã£ bá»‹ tÃ³m gá»n trong khi Ä‘ang Ä‘i mua sáº¯m quáº§n Ã¡o. Trong thá»i gian bá»‹ báº¯t giam, 3 ná»¯ sÃ¡t thá»§ tá»«ng xuáº¥t hiá»‡n trong cÃ¡c bá»©c áº£nh tÆ°Æ¡i cÆ°á»i, phÃ¬ phÃ¨o hÃºt thuá»‘c, chá»¥p áº£nh tá»± sÆ°á»›ng vá»›i cÃ¡c nhÃ¢n viÃªn cáº£nh sÃ¡t khiáº¿n dÆ° luáº­n ThÃ¡i Lan pháº«n ná»™. Nonwangchai vÃ  Ratchada lÃ m viá»‡c trong cÃ¹ng má»™t quÃ¡n bar, nÆ¡i cÃ¡c cÃ´ gÃ¡i khÃ´ng ngáº¡i bÃ¡n dÃ¢m cho khÃ¡ch cÃ³ nhu cáº§u. 

Bá»™ 3 ná»¯ sÃ¡t thá»§ nÃ y lÃªn káº¿ hoáº¡ch giáº¿t náº¡n nhÃ¢n Klinjui sau khi cÃ´ gÃ¡i nÃ y cung cáº¥p thÃ´ng tin giÃºp cáº£nh sÃ¡t báº¯t báº¡n trai cá»§a Nonwangchai vÃ¬ buÃ´n thuá»‘c phiá»‡n. Nonwangchai vÃ  Ratchada lá»«a Klinjui lÃªn xe hÆ¡i nÃ³i muá»‘n bÃ n cÃ´ng viá»‡c nhÆ°ng sau Ä‘Ã³ bÃ³p cá»• náº¡n nhÃ¢n Ä‘áº¿n cháº¿t. Satayabundit vÃ  má»™t nghi pháº¡m nam khÃ¡c tham gia vÃ o viá»‡c giÃºp Nonwangchai, Ratchada phÃ¢n thi thá»ƒ náº¡n nhÃ¢n thÃ nh nhiá»u pháº§n vÃ  chÃ´n xuá»‘ng Ä‘áº¥t. 

Nonwangchai nghiá»‡n ma tÃºy Ä‘Ã¡ vÃ  cÃ³ nhiá»u loáº¡i thuá»‘c kÃ­ch dá»¥c cho khÃ¡ch hÃ ng vÃ  nhá»¯ng phá»¥ ná»¯ khÃ¡c. HÃ´m 11.5, bá»™ 3 ná»¯ sÃ¡t thá»§ Ä‘Ã£ bá»‹ tuyÃªn Ã¡n tá»•ng cá»™ng 127 nÄƒm tÃ¹. Nonwangchai vÃ  Rachada bá»‹ káº¿t Ã¡n 34 nÄƒm tÃ¹ 6 thÃ¡ng sau khi Ä‘Æ°á»£c giáº£m Ã¡n chung thÃ¢n. Satayabundit bá»‹ káº¿t Ã¡n 33 nÄƒm tÃ¹ 9 thÃ¡ng cÃ²n nam Ä‘á»“ng pháº¡m Wasin Namprom, 22 tuá»•i bá»‹ káº¿t Ã¡n 23 nÄƒm tÃ¹ 4 thÃ¡ng 20 ngÃ y. 

Bá»‘n bá»‹ cÃ¡o cÅ©ng pháº£i tráº£ 1,07 triá»‡u baht cho gia Ä‘Ã¬nh náº¡n nhÃ¢n vÃ  100.000 baht cho tang lá»… cá»§a cÃ´. Má»™t bá»‹ cÃ¡o thá»© 5 tÃªn lÃ  Jidarat Promkhun, 23 tuá»•i, bá»‹ káº¿t Ã¡n 1 nÄƒm tÃ¹ vÃ¬ láº¥y Ä‘iá»‡n thoáº¡i cá»§a náº¡n nhÃ¢n Ä‘em bÃ¡n. 

Nguá»“n : Daily mail
Theo : DÃ¢n Viá»‡t",2018-05-13 20:26:00,"Nhan sáº¯c ngá»t ngÃ o, bá»‘c lá»­a cá»§a bá»™ 3 ná»¯ sÃ¡t thá»§ mÃ¡u láº¡nh lÄ©nh Ã¡n 127 nÄƒm tÃ¹."
"Eo nhÆ° máº¥y em hot girl áº¥y, cháº£ biáº¿t trÃªn báº£n cÃ³ bÃ¡n hÃ ng online hemmm ???",2018-05-13 19:44:00,GÃ¡i dÃ¢n tá»™c dáº¡o nÃ y xinh tháº¿ =)))
CÃ¡ch huáº¥n luyá»‡n chim  :))),2018-05-14 14:40:00,CÃ¡ch huáº¥n luyá»‡n chim
"Nghe tháº¥y ngÆ°á»i dÃ¢n báº£o bá»‹ oan cÃ¡i gÃ¬ áº¥y. 
Cháº³ng hiá»ƒu oan á»©c kiá»ƒu gÃ¬ mÃ  nghÄ© quáº©n rá»“i nhÆ° nÃ y :(
 nguá»“n: TÃ¹ng LÃª/ KSÄP",2018-05-14 14:23:00,Nghi váº¥n ngÆ°á»i Ä‘Ã n Ã´ng 69 tuá»•i á»Ÿ phÃº thá»  treo cá»• tá»± tá»­ do oan á»©c.
Nhá»¯ng cÃ¡i TÃŠN bÃ¡ Ä‘áº¡o nháº¥t VIá»†T NAM ==)))),2018-05-14 14:22:00,NHá»®NG CÃI TÃŠN NHÆ¯ THáº¾ NÃ€Y MÃ€ CÅ¨NG NGHÄ¨ RA... HAY THáº¬T !
"CÃ¡ch Ä‘Ã¢y khoáº£ng 5 phÃºt
HÃ ng trÄƒm ngÆ°á»i dÃ¢n Ä‘áº¿n tá»« má»i nÆ¡i Ä‘Ã£ Ä‘áº¿n tháº¯p nÃ©n nhang, tiá»…n Ä‘Æ°a hiá»‡p sá»¹ Ä‘Æ°á»ng phá»‘ vá» nÆ¡i an nghá»‰ cuá»‘i cÃ¹ng.
ÄÃºng lÃ  cuá»™c sá»‘ng mÃ  ai nÃ³i trÆ°á»›c Ä‘Æ°á»£c gÃ¬ Ä‘Ã¢u, con rÆ¡i vÃ o cáº£nh máº¥t cha vá»£ rÆ¡i vÃ o cáº£nh máº¥t chá»“ng :( 

Nguá»“n: Sin Viá»‡t Nguyá»…n",2018-05-14 14:20:00,"HÃ ng trÄƒm ngÆ°á»i Ä‘áº¿n lá»… tang Hiá»‡p Sá»¹ Ä‘Æ°á»ng phá»‘, tiá»…n Ä‘Æ°a anh vá» nÆ¡i an nghá»‰ cuá»‘i cÃ¹ng"
"ÄÆ°á»£c máº¹ Ä‘Æ°a Ä‘áº¿n Trung tÃ¢m PhÃ¡p y Ä‘á»ƒ nhÃ¬n máº·t ba láº§n cuá»‘i, ngÆ°á»i con trai má»›i 10 tuá»•i cá»§a â€œHiá»‡p sÄ©â€ bá»‹ Ä‘Ã¢m cháº¿t nÃ³i ráº±ng: â€ lá»›n lÃªn con sáº½ Ä‘i báº¯t cÆ°á»›p giá»‘ng ba â€œ
Chá»‹ Thanh Dung (vá»£ anh KhÃ´i, quÃª BÃ¬nh Äá»‹nh, ngá»¥ quáº­n GÃ² Váº¥p, TP HCM) cho biáº¿t, do cuá»™c sá»‘ng khÃ´ng háº¡nh phÃºc nÃªn giá»¯a chá»‹ vÃ  anh KhÃ´i Ä‘Ã£ ly hÃ´n má»™t thá»i gian.
Sau khi chia tay, chá»‹ Dung dáº«n bÃ© ThÃ nh Äáº¡t vá» thuÃª nhÃ  á»Ÿ quáº­n GÃ² Váº¥p sinh sá»‘ng, cÃ²n anh KhÃ´i thuÃª nhÃ  trá», hÃ ng ngÃ y cháº¡y xe Ã´m Ä‘á»ƒ kiáº¿m káº¿ sinh nhai.
  Cuá»™c sá»‘ng mÆ°u sinh váº¥t váº£ khiáº¿n anh chá»‹ Ã­t khi liÃªn láº¡c vá»›i nhau. Chá»‰ thá»‰nh thoáº£ng anh KhÃ´i Ä‘áº¿n thÄƒm, mua quÃ  cho con trai rá»“i sau Ä‘Ã³ láº¡i vá»™i vÃ£ má»—i ngÆ°á»i má»™t ngáº£ Ä‘á»ƒ tiáº¿p tá»¥c mÆ°u sinh.
  Cho Ä‘áº¿n sÃ¡ng nay (14/5), ngÆ°á»i thÃ¢n gá»i Ä‘iá»‡n bÃ¡o thÃ¬ chá»‹ Dung má»›i báº¥t ngá» biáº¿t chuyá»‡n. NÃ©n nhá»¯ng dÃ²ng cáº£m xÃºc, chá»‹ tá»©c tá»‘c dáº«n con trai qua Ä‘á»ƒ táº¡m biá»‡t ba.
Máº·c dÃ¹ khÃ´ng cÃ³ nhiá»u thá»i gian Ä‘á»ƒ sá»‘ng gáº§n ba nhÆ°ng vá»›i bÃ© ThÃ nh Äáº¡t, anh KhÃ´i luÃ´n lÃ  má»™t ngÆ°á»i hÃ¹ng trong nhá»¯ng cÃ¢u chuyá»‡n tuá»•i thÆ¡ cá»§a bÃ©.
   Nhá»¯ng kÃ½ á»©c cá»§a bÃ© Äáº¡t vá» ba lÃ  hÃ¬nh áº£nh má»—i láº§n ba ghÃ© thÄƒm, nhá»¯ng ká»· niá»‡m má»—i láº§n ba Ä‘Æ°a Ä‘i mua quÃ , nhá»¯ng cÃ¢u chuyá»‡n háº¥p dáº«n vá» nhá»¯ng láº§n báº¯t cÆ°á»›p mÃ  ba cÃ¹ng Ä‘á»“ng Ä‘á»™i Ä‘Ã£ vÆ°á»£t qua.
  ÄÆ°á»£c biáº¿t, gia Ä‘Ã¬nh anh KhÃ´i cÃ³ 5 anh em, hoÃ n cáº£nh háº¿t sá»©c khÃ³ khÄƒn. ThÆ°á»ng ngÃ y anh KhÃ´i lÃ m nghá» cháº¡y xe Ã´m Ä‘á»ƒ mÆ°u sinh, nhÆ°ng do báº¥t bÃ¬nh trÆ°á»›c náº¡n trá»™m cÆ°á»›p Ä‘ang hoÃ nh hÃ nh, ngÆ°á»i Ä‘Ã n Ã´ng 42 tuá»•i Ä‘Ã£ tham gia nhÃ³m â€œhiá»‡p sÄ© Ä‘Æ°á»ng phá»‘â€ vá»›i mong muá»‘n mang láº¡i chÃºt bÃ¬nh yÃªn cho xÃ£ há»™i, ngÆ°á»i dÃ¢n TP HCM.
nguá»“n: KSÄP",2018-05-14 14:10:00,Váº» máº·t tháº«n thá» cá»§a con trai Hiá»‡p sÄ© Ä‘Æ°á»ng phá»‘ bá»‹ cÆ°á»›p Ä‘Ã¢m ch...áº¿..t Ä‘Ãªm qua
